t,k,f_est,df_est,d2f_est,logamp_est,dlogamp_est,d2logamp_est,fbin,truth_f,truth_df,truth_d2f,truth_logamp
0.7146666666666667,1,231.5714715174107,-9.810167080582515,-14.840037275468436,5.199860845650848,1.8846440088552445,-142.26720268682206,235.7901617579845,239.22791878496366,4.178955821553245,-4952.496021520892,-0.2974772903521892
0.736,1,231.3543716507755,-12.013275983998973,-202.56527569515916,5.205950760493337,-1.3927642032496832,-162.3461226304229,235.7901617579845,238.24513114088506,-92.12823797762394,-3783.9594413531013,-0.3298728872017494
0.7573333333333333,1,231.04711395236453,-18.710267990785578,-395.59485446314085,5.13972706379829,-4.778459736698198,-152.69991806371917,235.7901617579845,235.59296900709444,-147.44346340955235,-1251.479384489474,-0.3756598899588528
0.7786666666666666,1,228.10147418263102,-11.04703804353728,-238.1967236425471,5.096570122692831,2.5532500985597553,-32.530013796029586,233.08188075904496,232.38443270515816,-143.0472628280986,1630.5700018991483,-0.4250914119444105
0.8,1,227.81815823585765,-14.197689693249076,-60.44413080143048,5.138915915100122,1.2157204812857747,-89.34283015777987,233.08188075904496,229.89229331059602,-82.64438051125035,3854.3280665766797,-0.46770470012313403
0.8213333333333334,1,227.50521949655254,-15.169337955192686,-44.23430038667724,5.1408841937976,-1.1720712698726703,-127.67698767754048,233.08188075904496,229.10341201738498,11.912815768737346,4757.661346346664,-0.4944497583985366
0.8426666666666667,1,227.17097118602106,-17.56524558749643,-175.25407426754037,5.085836152951735,-3.9964107335161234,-129.79776226142886,233.08188075904496,230.41978930220648,109.14430878241546,4098.481823690701,-0.49920552681019187
0.864,1,226.76175906874613,-22.311164467557816,-231.800733784371,4.972901032520345,-6.397574863843894,-78.44499849131178,233.08188075904496,233.54755087959393,176.72973194578663,2040.2068602854852,-0.4802803927110014
0.8853333333333333,1,240.47366433720572,19.265138641352763,-660.9655376117926,4.874524631932728,7.693944082459558,-123.5455080126064,241.30149553281768,237.5724019217862,190.3500043619424,-825.6883593278471,-0.4414797367870195
0.9066666666666666,1,240.73995401161622,8.182161954520693,-350.93948489669265,5.010653861272328,5.045724720462216,-130.60517831220324,241.30149553281768,241.22771605987242,142.68609097297303,-3520.719425753108,-0.39186538907961027
0.928,1,240.84753397747377,3.0678259583378775,-144.67888423594698,5.088338934946731,2.2088305130890626,-140.97618913665286,241.30149553281768,243.32851684180898,49.04280801001005,-4977.788594548649,-0.3433374933939278
0.9493333333333334,1,236.69647546874123,-9.633682856188658,197.67089370735286,5.163569525459891,3.4171802602930623,-108.06664708300731,238.52991146631206,243.23650061884035,-56.185954390326515,-4563.799164724129,-0.3062943221991994
0.9706666666666667,1,236.5284161592334,-6.183096629341689,130.0434814278807,5.214097130116963,1.4302373432204263,-76.5714632717864,238.52991146631206,241.13309554142214,-133.4598520216532,-2456.5261141399387,-0.28611947724363235
0.992,1,236.4199396194415,-4.332167012179732,43.24627277524754,5.229582824831366,0.1000626710872488,-53.60112962623132,238.52991146631206,237.9429854213177,-155.1546946601011,465.7624354586005,-0.28320178670937685
1.0133333333333334,1,236.3311752863389,-4.345389402374017,-43.964445213533175,5.220419432558851,-0.9670991148954893,-55.77959996581972,238.52991146631206,234.95396350314135,-115.5940247066319,3115.3830760160927,-0.2954454335305223
1.0346666666666666,1,236.2228291737167,-6.154850875784711,-122.40118406180021,5.185546229187525,-2.378511205031487,-79.06763106890246,238.52991146631206,233.33963658146183,-30.270033976761624,4649.34639539622,-0.3199973644325388
1.056,1,232.17348125648635,-1.73132862160876,156.5365734862021,5.145516733608261,-0.093244564090631,-151.95445901207307,235.7901617579845,233.78214453146654,71.73857984156348,4644.573900383548,-0.3530504029778773
1.0773333333333333,1,232.16883139429805,2.2276297227199557,240.1569162503171,5.111966837923252,-2.9464819712417034,-120.32427613090364,235.7901617579845,236.2790772104538,156.81507049244829,3095.1125593858305,-0.3891758444448641
1.0986666666666667,1,232.27682328476672,8.483889689143249,351.20507047050455,5.023802199036991,-5.25518486559652,-102.65428210980849,235.7901617579845,240.14099978254202,195.67019936954603,418.09516400122084,-0.42173672589375055
1.12,1,232.54169630603846,18.20998544691721,527.460725087089,4.889670768700798,-7.234947458129564,-79.83790042067388,235.7901617579845,244.18213218470115,172.6139290551655,-2535.858308896655,-0.44475364282510754
1.1413333333333333,1,246.31641318537444,-16.332422735576817,44.815973151575605,5.009751273760782,5.310779707527046,-100.99043548437942,244.10528385492586,247.10098606335583,93.41606053314172,-4660.872280598385,-0.4549675886582753
1.1626666666666667,1,245.98557538246206,-15.480793406687074,5.50522504257449,5.095597771510876,2.553375723793142,-150.2685708990243,244.10528385492586,247.96545397752467,-13.810616814997047,-5062.158328481586,-0.4520625107287195
1.184,1,245.653679715624,-17.020718139423042,-151.28874897094622,5.114584055312809,-0.8172177620076048,-162.72992903957535,244.10528385492586,246.60002656198884,-108.81023375224322,-3558.3747527565574,-0.4371419253158947
1.2053333333333334,1,245.2574051822418,-22.00204959814303,-273.6079015357876,5.061108906906176,-4.051954499614833,-125.72192121724159,244.10528385492586,243.6638399374206,-156.55826391209848,-793.5392512009712,-0.4118386177072982
1.2266666666666666,1,242.28828391498106,-21.829618148481586,208.77962050504163,5.066463647291054,6.11879366906551,-93.02511490282957,241.30149553281768,240.3728892675247,-141.45595683646388,2145.7622568126535,-0.37903450171621195
1.248,1,241.88724863306254,-16.421218249800088,255.23694125431942,5.169625474307166,3.3424013876902743,-148.11772890935933,241.30149553281768,238.0263512643905,-70.98318951902911,4258.550497698074,-0.3434521028008101
1.2693333333333334,1,241.5956333714838,-12.288494562085111,116.10643556566947,5.206376863937227,0.08286085325657017,-152.75770802127155,241.30149553281768,237.5624739986318,29.89621241041459,4931.002498604939,-0.31063009949369663
1.2906666666666666,1,241.35667815345997,-11.374140905466813,-16.07108659451027,5.174949176656286,-2.9318904519422015,-126.74937518462232,241.30149553281768,239.28050674196118,127.78358209645376,3982.7074427161133,-0.2852509298013375
1.312,1,241.1145655338546,-11.14136047264005,58.527697892894814,5.086585626039335,-5.1605868742563565,-74.23200811507272,241.30149553281768,242.7579197335692,189.9050480776932,1654.6416068454273,-0.27047688828211136
1.3333333333333333,1,240.90152647895252,-6.2601751774519565,396.6176362922265,4.964539345101341,-6.045230345062553,-6.198550190339583,241.30149553281768,246.9613615782683,193.3650708817877,-1365.1508088223636,-0.26868947198581566
1.3546666666666667,1,255.75636230085826,2.7801324669264913,-310.0619451776954,5.043862597035361,4.563028528151151,-122.80322624493925,249.81097439559298,250.5573909633515,134.26705972664058,-4016.750253271777,-0.28236284866086836
1.376,1,255.7576887490829,-1.1643833745134662,-78.803524228686,5.111738691138047,1.7161113258790779,-148.65257862958916,249.81097439559298,252.38100215301947,32.35080085345544,-5229.391219094978,-0.31288361932508396
1.3973333333333333,1,255.71546312826405,-1.6434768062713918,-15.184277225046918,5.11087304369722,-1.94899117936057,-193.15845521323334,249.81097439559298,251.90119029035398,-74.61511596874334,-4470.860566478688,-0.3573034626825282
1.4186666666666667,1,251.47794407545655,-5.197758991796727,61.84973067647935,5.11010302379342,0.6881382923962918,-36.38655543244353,246.941650628062,249.45028512272341,-146.55584796424955,-2069.3321521396283,-0.4065188606391946
1.44,1,251.37680150390486,-4.952566020342716,-43.2387432369354,5.118743763354356,0.16705062707307983,-21.88687416852985,246.941650628062,246.08269937049408,-158.21326936758123,988.6859175750287,-0.4477019073591344
1.4613333333333334,1,251.25577391309156,-6.950380841260987,-141.69337193333664,5.117127656217398,-0.3910624905329674,-42.89963948274116,246.941650628062,243.14717501024495,-107.68671507295221,3592.130397912464,-0.4695395854838398
1.4826666666666666,1,251.0711847119232,-10.450857777931258,-181.27566258624225,5.095786728643588,-1.7461166816903986,-83.70235652255657,246.941650628062,241.79778426450554,-14.023210419807583,4934.812065214472,-0.4662799048419456
1.504,1,250.8035239819996,-13.88968297140034,-152.6910130670251,5.036379720332112,-3.9331782223805956,-113.19534122406853,246.941650628062,242.631838943353,91.20658513228409,4652.008820319432,-0.4385204655160551
1.5253333333333334,1,246.78814597821616,4.862118219837383,220.67129265003973,4.974504966174283,-3.2065432077174827,-143.27592620149278,244.10528385492586,245.52305085012685,173.25994732114486,2808.572354726959,-0.39184472232099343
1.5466666666666666,1,246.95791361897133,12.785931234670517,526.402265373224,4.875030680296935,-6.104358646670946,-136.1711528063258,244.10528385492586,249.651698964956,203.44901564787142,-86.60314371832646,-0.3352848308405835
1.568,1,261.77362987208653,-14.149607551437004,-13.843552615507512,5.01030307278048,7.204091471820721,-48.434175011703154,252.71363809934772,253.73649569441483,168.7624588427134,-3086.4467388021294,-0.28035829073388463
1.5893333333333333,1,261.48522946506154,-12.804856666009684,110.14259920412337,5.1459939835451465,5.251755793404398,-120.00212999068451,252.71363809934772,256.45685178924487,79.26761409966275,-5041.157613974647,-0.2393098100507154
1.6106666666666667,1,261.24044784096765,-11.458836993813927,-10.197524722742067,5.227756237077271,2.2859580196016256,-154.28699615458598,252.71363809934772,256.95583912063995,-32.756977998651564,-5116.251572035835,-0.2213721092592088
1.632,1,260.98827692395486,-12.988318173236271,-132.25628706349514,5.24063859161631,-1.0930434602756753,-159.5631876811742,252.71363809934772,255.20076880761798,-125.18010106659494,-3273.824057076359,-0.22918689204326811
1.6533333333333333,1,260.67894587571504,-17.066553794561592,-223.56972693324147,5.182072891966862,-4.2784426622398,-127.82538007229839,252.71363809934772,251.99951955078905,-164.27604636526667,-295.6758560612798,-0.25850733173891444
1.6746666666666667,1,260.2738906616092,-20.604055348685595,-82.8208367024181,5.065557165866089,-6.359659220366783,-49.719360715246474,252.71363809934772,248.6629067668628,-137.9205964836292,2671.6835629197303,-0.301189524244205
1.696,1,256.71869941610987,-15.476286785865833,356.1226105739952,5.147638004053319,2.875659525170088,-200.1200719020242,249.81097439559298,246.50363265866577,-57.46286803483963,4644.700813573436,-0.34836944759094735
1.7173333333333334,1,256.4561541763243,-11.000019985233585,80.00600576467151,5.165903077774919,-1.0598209310152455,-173.39566614048903,249.81097439559298,246.39840950851053,49.09232821664773,5063.034258317843,-0.39140973437343424
1.7386666666666666,1,256.23611711701307,-10.256860940907671,25.772065313771165,5.106893861256091,-4.284503369327837,-123.43058410124434,249.81097439559298,248.53331188201125,146.58821343095042,3812.171605881653,-0.4217889993458488
1.76,1,256.03386040536714,-6.461612489590373,343.6417003875108,4.992161575036413,-6.2107510195284785,-49.33688860722712,249.81097439559298,252.35129097887094,202.07329431991093,1217.2344820557628,-0.4324253733423766
1.7813333333333334,1,218.86977604878533,-669.9786929816162,76431.24705938378,4.876206635809309,7.539533087547573,-75.96430242052922,258.62053938239393,256.7014644341036,194.48593979817815,-1932.493811007822,-0.42084395015566944
1.8026666666666666,1,225.2122654962928,215.75862301418246,-13266.267199171969,5.017553007173884,5.57273362730147,-117.597560367382,258.62053938239393,260.19426076371764,123.76211291830987,-4501.603601966752,-0.3914882910702726
1.824,1,224.34471768905775,-5.179100222096106,-61.61754277585192,5.105867364822342,2.54816510930357,-164.664017214507,258.62053938239393,261.7017075815058,14.220144101418555,-5433.782905340777,-0.3538596351302947
1.8453333333333333,1,225.0003914350563,-221.7637736674538,-12901.684323113766,5.118757393661432,-1.5197651451747607,-214.19194232632773,258.62053938239393,260.8157705379664,-93.27161945891567,-4316.046087071765,-0.3173754399761014
1.8666666666666667,1,266.9413173356961,-11.41609185718845,-81.32038978123354,5.080149806443532,3.5527562647918054,-21.667379501001456,255.65002913072473,258.02618851385813,-158.63748086965643,-1631.3661905009067,-0.28742809625143845
1.888,1,266.68021187929764,-12.322867577367035,-0.8357909553022599,5.150085701001992,2.910615391207066,-48.8503371318086,255.65002913072473,254.51244925612042,-159.44668649393134,1535.3466547096614,-0.2653618281446871
1.9093333333333333,1,266.4188359308757,-12.101975819292196,20.665845291940045,5.197557586515328,1.388226311813246,-92.76165085531339,255.65002913072473,251.67243314190122,-97.77454811660573,4062.219487963943,-0.2510648248264907
1.9306666666666668,1,266.16574535153893,-11.7607653676536,2.5234866544095205,5.202849225895108,-0.9951212529764487,-121.5924042245114,255.65002913072473,250.62711529598752,3.7935474317055196,5187.159984838792,-0.2447072035018883
1.952,1,265.91249774234115,-11.998431298187187,-27.841838112839973,5.153420293538566,-3.651212092324502,-122.76543632529287,255.65002913072473,251.8770770247537,111.32221830473281,4607.799433172215,-0.24636542825019905
1.9733333333333334,1,261.828082577532,6.640848980830683,168.95342087491395,5.085180169277146,-4.663397349119468,-180.4926360822064,252.71363809934772,255.16393918923887,189.1680058555212,2465.530108195264,-0.25539555209987685
1.9946666666666666,1,262.04136098713343,11.327721306206895,365.0290684170224,4.942570995172447,-8.895199469179214,-228.294402174873,252.71363809934772,259.5357516280665,209.61054762313142,-632.3980567979161,-0.2711041007837447
2.016,1,230.66604962502524,-17.312881362244667,41.34929985625148,4.934223084869001,6.726900913024461,-59.98053645372337,261.6255653005986,263.6227211446326,162.7638650413137,-3643.104075915413,-0.2937239390279853
2.037333333333333,1,230.32180804966188,-14.766523473323387,160.66568197036153,5.057852235997141,4.621652625033656,-124.86736000011793,261.6255653005986,266.1005536287826,63.28466804348864,-5386.886201792338,-0.3232634580221547
2.058666666666667,1,230.04348768049678,-12.982829325238809,-18.246690126301296,5.125693818211519,1.6466057729844321,-150.05100928698496,261.6255653005986,266.2051705787274,-52.48562532290816,-5110.223681673349,-0.3564790250790964
2.08,1,229.75587504793987,-15.99350296061739,-247.48898525862228,5.12673475537137,-1.4987384950207283,-137.52635669275313,261.6255653005986,264.05788752883734,-141.01238702749833,-2930.112586818752,-0.3855852414532623
2.1013333333333333,1,229.36212466464266,-21.60903401971165,-239.45374386961163,5.066008587906638,-3.962652869357843,-75.3975780057552,261.6255653005986,260.61509924148595,-170.40679023927078,238.89091238344554,-0.400810837389646
2.1226666666666665,1,228.8651946840933,-21.415949454292114,263.42547800159787,4.970562084684155,-4.638585812894753,23.900733308084355,261.6255653005986,257.2727451782588,-132.33976297802292,3203.5212395760464,-0.395278227644979
2.144,1,225.2007102556363,-9.197734759735937,200.36654733905942,5.112902321464365,4.207259707801123,-255.88971651999734,258.62053938239393,255.3434217710522,-42.09006166737527,5007.60542695201,-0.36836193398018885
2.1653333333333333,1,225.00390191170268,-7.325345561529852,80.97297698443535,5.151438713433489,-0.31787773826666277,-181.55539890279474,258.62053938239393,255.62920225766138,69.38754466501996,5149.061278899433,-0.324982607039003
2.1866666666666665,1,224.8613380126271,-5.048324831683012,183.4236972892361,5.108184393178336,-3.533708973266109,-125.4799269087479,258.62053938239393,258.1928015696265,165.36071600904688,3583.9932560970774,-0.2727625878349731
2.208,1,224.80850853194366,1.9458655506673366,475.9327604661656,5.007807984716061,-5.729165012455287,-83.53922707936732,258.62053938239393,262.3376342082776,213.01100037409924,728.7004301336128,-0.22046280737797289
2.2293333333333334,1,240.69980427952666,5.141229869203625,-707.7089309616125,5.03942624204991,7.463249329255494,-93.25836627157246,267.74077300753,266.798408883307,193.5511540407315,-2522.691822607536,-0.17814821696108596
2.2506666666666666,1,240.67050818964367,-4.583736438002736,-207.1971447538102,5.175302907122718,5.157944140168295,-130.23601895731395,267.74077300753,270.14196731192743,111.14868967351504,-4967.819791746675,-0.15629267020579615
2.272,1,240.54238804671354,-5.880909177012526,51.001925302332985,5.251927136889216,1.8751183909666702,-173.27735154654246,267.74077300753,271.29546517686737,-5.2197378552518785,-5584.812488880616,-0.16215505760565194
2.2933333333333334,1,240.42486450591892,-4.687319580270797,-15.520024274911766,5.249213133430221,-2.307388116784009,-220.8441729080792,267.74077300753,269.98895351304304,-111.93586902716197,-4097.2974076817045,-0.19597507407870324
2.3146666666666667,1,240.2713930488827,-6.868737969499252,-374.1008065687701,5.147923455113533,-7.557216474610192,-310.7634334354924,267.74077300753,266.874336526286,-169.48732885322534,-1144.682027398143,-0.24995955217799692
2.336,1,236.0579362829057,-21.499314842324644,237.43787903819043,5.0794916914017145,3.7175299109046476,-58.853111994387575,264.6655079380657,263.24972018607576,-158.71006179833785,2101.3196418093285,-0.3106340360714887
2.3573333333333335,1,235.6642569564412,-16.789792583379345,167.37932292228277,5.138232426479917,1.5036687144954568,-136.68513923359959,264.6655079380657,260.5492240955493,-85.81758212018758,4520.430701791251,-0.36325870508637637
2.3786666666666667,1,235.3420368639551,-16.229284949970744,-118.10315871183816,5.135602699540861,-1.84518418966289,-164.14910715345025,264.6655079380657,259.84677394491234,23.10864211199805,5401.286388275126,-0.39554272658945483
2.4,1,234.96914300605255,-19.178015552060014,-131.1529284259074,5.059603187804382,-5.153607426670239,-129.152338778832,264.6655079380657,261.53437762604005,131.91510885488242,4508.02764482249,-0.3995897471273432
2.421333333333333,1,234.5429358400832,-18.59236178850016,211.8418001108158,4.925865839995658,-7.077663067982765,-41.61481192965563,264.6655079380657,265.21392036352154,204.31307790079154,2064.9904855554923,-0.37361966199778496
2.4426666666666668,1,251.76426207309464,8.464798482627852,-380.6977975053547,4.807396128363056,12.797078484006821,-345.25030129619785,273.9989169189411,269.8006003753172,213.95260232128203,-1215.9376605397556,-0.3237773756903956
2.464,1,252.0456090474729,5.9826141525711325,-256.40341955946724,5.0196437805194645,7.689749285021996,-215.62448452038097,273.9989169189411,273.8450146257581,154.5299521589186,-4198.861301405821,-0.26349286687085605
2.485333333333333,1,252.15885316213013,2.6029510865193877,-130.04870909966036,5.136743266493169,3.3644867624804813,-192.3091421688008,273.9989169189411,276.0361028613884,45.53831433574669,-5690.769072630268,-0.20860651978995953
2.506666666666667,1,247.08248288772356,-13.890733676340377,-5.852009309862335,5.175011019216522,2.732940747147105,-141.63864031401081,270.8517709358815,275.72043930919233,-72.80015412415378,-5040.072274867212,-0.1711504018132759
2.528,1,246.78015703440914,-15.962096768283104,-177.72311878255167,5.200931721695225,-0.25253016200839373,-126.36487943903087,270.8517709358815,273.1831284108769,-156.07394483219832,-2527.7490648409585,-0.15588499814716492
2.5493333333333332,1,246.40072364548737,-20.402115767409356,-216.50131584499158,5.169883284407258,-2.4847366181409662,-77.737476608838,270.8517709358815,269.5269010521801,-174.76611586939543,806.4235858608736,-0.16054899183498667
2.570666666666667,1,241.2440423035353,0.5732688945955889,-8.203476381006599,5.113931592639113,8.244058738094262,-318.53451639618413,267.74077300753,266.2216746672602,-124.6263031649869,3736.157426615944,-0.17899691294288658
2.592,1,241.11971696722276,-3.0569033604192994,-5.054061561504447,5.226988812858579,2.7238169591074852,-222.9103510754304,267.74077300753,264.5656502149716,-24.890701436437666,5341.919667546608,-0.20480014848817213
2.6133333333333333,1,241.03656452422464,-3.799754459256529,8.954429233036437,5.237854640771297,-1.5442000370575901,-177.4146504370174,267.74077300753,265.2730449285706,90.64711503847502,5184.411666349741,-0.23255080144421517
2.6346666666666665,1,240.9697731200682,-1.501193675066631,242.6741873367558,5.166726559080269,-5.026389895370845,-148.9627803317175,267.74077300753,268.2733610878594,183.8866249921266,3295.6830980302766,-0.2575751008224313
2.656,1,241.0209305695441,8.569522785077833,730.3649485669289,5.027980851247721,-7.975726178813606,-141.6247568612571,267.74077300753,272.7264664716579,222.49048721953295,190.53426012420096,-0.27650502581445235
2.6773333333333333,1,259.0036446208113,3.2263203528386803,-831.5942467193526,4.936941657723859,7.30943334705264,-57.945625538351514,277.1826309768721,277.25754107000404,190.4130163185764,-3129.9014026261866,-0.28843516494231464
2.6986666666666665,1,258.9028811448082,-8.740105319509736,-281.55048170558257,5.075216723290512,5.439176649597654,-121.64475051952616,277.1826309768721,280.4042516388856,96.43103332584724,-5407.609240610967,-0.29430317846430093
2.72,1,258.66901535546674,-10.856257572263113,32.52485413253252,5.158222924522591,2.1135362303129313,-185.78483942404048,277.1826309768721,281.16779996322697,-25.81301496666856,-5676.680342302454,-0.29485078819230076
2.7413333333333334,1,258.4311728784364,-10.104159105291128,-77.58796557171847,5.157298107029969,-2.458330608985142,-252.6087601850308,277.1826309768721,279.43059137241625,-130.37404427095316,-3813.2655406324193,-0.2896791621145315
2.7626666666666666,1,258.1431257987277,-24.426215387367698,-1269.1929406775641,5.048386974428475,-8.247550117801199,-364.2053084727354,277.1826309768721,276.00954182470633,-178.88857954391278,-611.959576606052,-0.2774835151153403
2.784,1,253.26367200114572,-29.66983848110717,915.7792030135992,5.085942317683169,7.566917539020253,-169.4617783703209,273.9989169189411,272.3131416281238,-155.86993622477166,2681.7901586220833,-0.25687687606612225
2.8053333333333335,1,252.85380457708578,-15.142108919593772,349.2080593255779,5.204415082291691,3.4129709140059195,-201.952317486034,273.9989169189411,269.7978600817702,-71.7937230807729,4961.316971581138,-0.22798035361580044
2.8266666666666667,1,252.59424192978884,-10.729493378572045,77.15205935638586,5.233388651749034,-0.5989987261033226,-174.4008447921792,273.9989169189411,269.4763079451681,43.829229707829654,5572.009645861312,-0.19333916004826732
2.848,1,252.37662184107234,-9.96835653928173,40.64951992920641,5.184671505823268,-3.793949614256513,-127.12457653986164,273.9989169189411,271.62021124166705,152.79484731075354,4348.998993175803,-0.15731727978627397
2.8693333333333335,1,252.18493708894465,-6.662684812163385,286.7491074861808,5.07871221087643,-5.928640619679382,-69.28261237093271,273.9989169189411,275.6847794824166,218.45825731218792,1606.6078785830177,-0.12572267012010363
2.8906666666666667,1,252.12330443169782,5.055435690094203,786.0470376520509,4.941462555617006,-6.743470686496865,-10.921466923949907,273.9989169189411,280.4532385288155,216.27929957164451,-1832.9880307405256,-0.10614127304060453
2.912,1,270.7595469244232,3.103532248917262,-317.471467211199,5.122675822537113,6.345074208664529,-193.89928086342294,283.6614678567074,284.4074575291966,143.99562307680026,-4746.151821216452,-0.10648453243744634
2.933333333333333,1,270.7863698495226,-0.4706467713993418,-45.40157766021975,5.214167541786907,2.246229251385953,-191.704800462753,283.6614678567074,286.26796666020493,26.128522138576955,-5945.5998907882895,-0.1310435278896535
2.9546666666666668,1,270.79207608438867,0.7028746640112066,179.79294536898198,5.216291490993196,-2.1292399623642497,-215.17393781098636,283.6614678567074,285.5096405854875,-93.48359550745226,-4902.426288457238,-0.17729598474509659
2.976,1,270.9080950749255,2.825575526806527,259.8349718404719,5.11750053128504,-7.355176712400383,-278.0433115055772,283.6614678567074,282.5895214511077,-170.12621837714687,-2067.954862953513,-0.23541749727311806
2.997333333333333,1,265.0075589859239,-26.949335833806238,-243.69284502691542,5.072208307874141,-1.9858854680350007,-20.630630603234483,280.4033380102377,278.75249861577703,-177.17732393718325,1402.6900436750147,-0.2902030533220326
3.018666666666667,1,264.3965946646728,-25.831580170677423,342.151753689307,5.027762266296849,-2.117929472460975,-1.8189392046457167,280.4033380102377,275.52995803757227,-114.70892765442841,4264.184866106603,-0.32566951176250825
3.04,1,259.30252766993414,-0.3017579853953076,-182.19131788067938,5.112891966803573,3.0340884169768807,-231.3544172472287,277.1826309768721,274.1908484773836,-5.911298087798059,5642.145501442807,-0.33083886022747233
3.0613333333333332,1,259.270037723035,-2.4540212025015244,5.432510964044302,5.127146357142125,-1.560238113815807,-187.97514757791646,277.1826309768721,275.3482692095512,112.7145669281017,5164.488981937291,-0.3030769556033028
3.082666666666667,1,259.245965832862,1.1409339507732663,358.69081176026185,5.052530260311009,-5.375973522142876,-168.92522393123772,277.1826309768721,278.78909656189967,201.93545277952217,2945.2326516662724,-0.24819813287953985
3.104,1,277.86939882658123,21.338152385996096,-1195.1003177635575,4.916696294812499,8.683822312000286,-46.811407957365994,286.9574553484241,283.52682540792034,230.28266564756632,-394.91872116876766,-0.1790244551497459
3.1253333333333333,1,278.05725275813995,0.015049822320129629,-732.95330135487,5.090485994766101,7.498165793577847,-76.53923126532908,286.9574553484241,288.08389797662295,184.94102488970384,-3747.4803007161245,-0.1122735938729291
3.1466666666666665,1,277.91790284435825,-9.999728161732131,-219.02497034972845,5.230821469927523,5.488637904788817,-126.89716793421567,286.9574553484241,290.9850582884255,79.64217682299204,-5812.960085467435,-0.06336530379719094
3.168,1,277.67173364722294,-10.31101557372521,139.65506291061027,5.313825408241858,2.0838666958023824,-189.01484196626393,286.9574553484241,291.3250501100451,-47.37795438780449,-5704.046913896513,-0.04196804904534662
3.1893333333333334,1,277.47360881671824,-8.253764289150196,-30.9940166772089,5.311129059669957,-2.5219752767865806,-237.27400978399015,286.9574553484241,289.151765743065,-148.34021970652975,-3463.3489907677285,-0.050468988642807744
3.2106666666666666,1,277.2467936726936,-18.395827237564948,-957.7405455055537,5.2041875786613,-7.751964584673007,-290.348885457095,286.9574553484241,285.4479395686399,-186.62729070475325,-36.48826293647289,-0.08418533805561378
3.232,1,271.77448679627355,-26.674651320878276,1145.2483932249036,5.149348476060609,7.371626820400188,-284.27167984012766,283.6614678567074,281.72248469969986,-150.80606713378802,3271.574563817121,-0.13286855141979176
3.2533333333333334,1,271.4418064176847,-11.846380097144737,198.29343118193663,5.248525358849893,2.1229841211520095,-238.05174543966152,283.6614678567074,279.4394423269218,-55.7001773621887,5379.2172199980705,-0.18401749697394093
3.2746666666666666,1,271.20427214525836,-11.659920486018375,-99.61500588075396,5.243969120220498,-2.3554238579356195,-188.85111708312226,283.6614678567074,279.53560451986783,65.84022140828893,5694.1054346901365,-0.22620791273192703
3.296,1,270.9378864993742,-12.08798517919583,121.78818605678039,5.154483209311344,-5.802669830129831,-125.43458097913128,283.6614678567074,282.1509259947447,173.7511999157723,4127.321104059229,-0.25091065507129
3.3173333333333335,1,270.7352155731734,-1.8159433093883586,847.0947930342668,5.008118675777778,-7.67516719488436,-52.27989120049018,283.6614678567074,286.587859068988,231.35802060039714,1090.7759754937142,-0.25406595622527056
3.3386666666666667,1,289.93764614208345,11.666162660929778,-876.8676526324745,4.9062850960212,11.069421351597567,-237.1603287921479,293.6647679174075,291.50022272642025,216.40454485756345,-2478.4087403647136,-0.23742070734257473
3.36,1,290.10178562191624,-0.08419332108324805,-421.4583847455133,5.0979274255995835,7.154491728784599,-185.4387029176292,293.6647679174075,295.3140908258861,131.12175054871477,-5276.890677873278,-0.20746167618711997
3.3813333333333335,1,290.04789085873995,-4.220032738679968,-10.585138619818554,5.2061384295630155,2.9232965551542818,-207.4216536981152,293.6647679174075,296.80119041028945,5.184675220167264,-6144.377804370135,-0.17245559827495685
3.4026666666666667,1,289.9843519636289,-1.7160561439946953,247.6334497784765,5.217023400415767,-2.0170439668244544,-241.25064052657308,293.6647679174075,295.5818822953982,-114.30008186772466,-4694.617880036822,-0.1399862023259843
3.424,1,290.0748412235141,-4.280186256056065,-99.43493943129543,5.108426265550755,-8.154621864732858,-268.61119324458286,293.6647679174075,292.2914432761226,-182.92762684472837,-1552.6639767901506,-0.1149917687650158
3.445333333333333,1,283.85645190893547,-33.10816475490139,349.15423277547336,5.1383801769743265,1.6524240713172889,-70.42832695045153,290.29174037003673,288.31073149830826,-177.4734241219703,2022.9876218391582,-0.09824366700375559
3.466666666666667,1,277.871886232175,5.505083511735532,-347.1225388293272,5.198456975121089,7.264566024827478,-262.119068774776,286.9574553484241,285.21882674600676,-102.53381227841601,4781.921632116428,-0.08710515669187512
3.488,1,277.98490194798205,1.3357314234314739,-186.99963556179773,5.296308306069726,2.043328341400224,-223.61480858103585,286.9574553484241,284.240091036117,14.779787907842547,5902.653667602921,-0.07854351538767984
0.7146666666666667,2,504.2062669684124,-1.500133425402038,-159.03879892761978,4.941956660469672,5.646354902095054,-471.9851640917978,477.0598229326241,478.5993241041382,8.360418138559908,-9907.962505706746,-0.382706948324211
0.736,2,504.1290905254453,2.3959865023209233,423.3975351615262,4.946728890309153,-5.1089978973582,-476.59132918425973,477.0598229326241,476.6331593496945,-184.31173355923966,-7570.188461803598,-0.41248151449453074
0.7573333333333333,2,494.0748661933261,-70.69562421193406,260.92080477985985,4.779101171589181,-1.6863235652493826,-362.7799304755925,471.580323515969,471.32724434155637,-294.9753619474359,-2503.709390759701,-0.4517620518820483
0.7786666666666666,2,480.31293561819894,-79.43697164009018,-2655.9868683059044,4.696872731866837,6.8551027025551585,-1486.457002183634,466.1637615180899,464.9082472894163,-286.18032398680225,3262.1180042605847,-0.49437020875402904
0.8,2,468.6843596647385,1.6022425823078625,857.9471221017409,4.7242918917014975,12.011680494762807,-393.291575429672,460.80941404107585,459.9224737397878,-165.33833030238748,7710.967929103412,-0.5324238273528054
0.8213333333333334,2,468.8064358774977,1.8613645718374097,-638.4660427840929,4.882679581419804,2.781407372451292,-450.8044686669563,460.80941404107585,458.34423799018634,23.83277672622353,9518.176286482369,-0.5578533269943025
0.8426666666666667,2,468.6758450392967,-4.05644580533724,199.85314709464953,4.837385039432895,-7.059220911412941,-428.4854423449156,460.80941404107585,460.9777821098755,218.35408123908564,8199.421864003874,-0.5648380447326861
0.864,2,468.6752424199142,5.368176450401888,929.1573961763713,4.5977233483925755,-15.2820184032552,-393.5696016401356,460.80941404107585,467.2351812650388,353.5654646330513,4081.637416966725,-0.5519050337330123
0.8853333333333333,2,479.80751578263954,124.60430102870916,4012.270216266783,4.420320683550765,-13.001308725559555,-473.31471604346336,466.1637615180899,475.2872974151799,380.8141787694767,-1651.8719578161836,-0.5223606941414765
0.9066666666666666,2,518.2038959697919,32.87907199612766,-953.1938676527773,4.614228803808409,15.298546399143362,-463.9490358788683,482.60299106563536,482.60011811253713,285.4577636490576,-7043.5505434877705,-0.4827940970908588
0.928,2,518.7188586872289,10.567326685246979,-1245.691357885488,4.857929312667329,8.17889274979384,-311.4369403847726,482.60299106563536,486.8029797158939,98.11503141047433,-9958.562814625097,-0.4408009716822861
0.9493333333333334,2,518.6659824946222,-9.444156865649154,-547.7847153157786,4.964818231938992,1.7992720297209703,-329.20169634924196,482.60299106563536,486.61889207953834,-112.40560855949298,-9130.335657858406,-0.40345948708484625
0.9706666666666667,2,518.3574245307881,-13.852274657186818,-4.36468463375341,4.923357962322963,-6.007206610706754,-416.0021900669907,482.60299106563536,482.4108203231875,-266.9997519389726,-4914.525627159048,-0.3767672467987813
0.992,2,505.4993665843476,-106.25271739533478,7791.253286288657,4.767472333387899,6.570444250683156,-1332.6086527768352,477.0598229326241,476.02868668655236,-310.4024495682679,931.8042313682381,-0.3650278417844126
1.0133333333333334,2,492.68575685192104,-20.369534475770596,221.3109688025516,4.817284251833899,11.513115530839459,-437.7481726580363,471.580323515969,470.0488500644834,-231.2573815630749,6232.634726912249,-0.37009954288854524
1.0346666666666666,2,492.29756045735735,-16.903484831244324,188.39868428612962,4.970243443872114,3.1736920335265957,-353.73996395873263,471.580323515969,466.81922796383964,-60.558223619591445,9301.48142762587,-0.3911922078916715
1.056,2,491.9998337079271,-3.859012909346643,979.8838303744892,4.966185502168479,-3.243494778457874,-264.9519990112631,471.580323515969,467.7045092757309,143.5201877723448,9291.933568195556,-0.4251655249197897
1.0773333333333333,2,492.1441282068198,19.648773751738247,1250.8257936989,4.843383723044137,-8.51461092426282,-314.692028484168,471.580323515969,472.6998722691741,313.7241971096955,6192.081537097925,-0.4668837056203502
1.0986666666666667,2,492.8715568719351,34.4901473894626,262.1186397993746,4.582076767278449,-16.580132515452906,-499.51248061554145,471.580323515969,480.4260337562259,391.4577597854659,836.4410921935923,-0.5095068067695253
1.12,2,530.7263034430599,301.41437771855715,11917.797023994972,4.462552520738933,10.608838893231816,-595.530540043644,488.2105677098517,488.510722391699,345.33139023417607,-5073.237603530753,-0.545038352947025
1.1413333333333333,2,490.79071457237904,-678.3260184839311,76195.09931086161,4.598739342073917,14.424599191264445,-445.9736151156381,493.883301256124,494.3501808486301,186.8881510933861,-9324.540107512148,-0.5656522389628493
1.1626666666666667,2,496.9681623518287,213.6341315608614,-12720.377356301002,4.805061194585101,4.800913177133147,-496.6418966434158,493.883301256124,496.07963517625313,-27.6295171007514,-10127.352886834386,-0.5660574486527907
1.184,2,496.9229897426263,-212.18259104001245,-12503.737101607343,4.784843418028156,-6.534626588287918,-477.7121864462698,493.883301256124,493.34796137535324,-217.6857308037579,-7118.883786723716,-0.5459571027576618
1.2053333333333334,2,537.5274504741601,991.9920201843553,-75127.56708080278,4.6246442945557735,2.1279331692642134,-541.5271147303125,488.2105677098517,487.4738270305858,-313.2104299189523,-1587.554460391635,-0.5103987269855518
1.2266666666666666,2,517.8025622438613,-68.59852400285834,-2927.993465781347,4.661520145667286,9.138033205502701,-880.5079846792642,482.60299106563536,480.88995181120555,-282.99675755389035,4292.811521329684,-0.4674661621674582
1.248,2,506.43702802053855,1.8457456860292598,691.8663479195924,4.809576859388404,12.553121304000989,-405.8050110777027,477.0598229326241,476.19546837470426,-142.00895405141637,8519.65522671945,-0.42549299801207174
1.2693333333333334,2,506.5324344406059,2.261549279683235,-470.65516333316015,4.97206847936205,2.419885977764134,-481.9233508039318,477.0598229326241,475.2674356142012,59.810356272384524,9864.962568507704,-0.39148595977379896
1.2906666666666666,2,506.455857963016,-2.027819973693222,244.86871303870765,4.912114868102242,-8.005698746709234,-457.59000001144096,477.0598229326241,478.70453155986854,255.6438075187616,7967.8036747507285,-0.3706241272169111
1.312,2,517.2388463198494,70.54404111002438,-1039.1673017299831,4.731493771605619,-3.983457085496093,-503.0704664849632,482.60299106563536,485.6614432609252,379.92399932071567,3310.2756533781067,-0.36610855297615713
1.3333333333333333,2,529.182224928448,28.26775572003517,25576.525890167664,4.5726130661225275,-3.587105257133909,-916.4477476061966,488.2105677098517,494.07084813307296,386.8461202159524,-2731.120420620311,-0.3788494927586644
1.3546666666666667,2,507.8343249984411,45.55764121943699,-565.3911448600605,4.700709301105748,10.791279391719508,-497.70919127546114,499.62194879118596,501.2650637660169,268.6146515053697,-8035.9097113842145,-0.4069372960414489
1.376,2,508.6558733498769,26.88462513220583,-1171.4031335938473,4.836024889853093,2.7941033503850052,-274.88804300698166,499.62194879118596,504.9133799292669,64.72100539738312,-10461.918977090449,-0.4455065164754659
1.3973333333333333,2,508.95865764171975,-6.821235065216837,-1868.4974548752582,4.848420350935648,-1.595312465964989,-221.63987354557415,499.62194879118596,503.9534684175371,-149.2749853436835,-8944.402710535564,-0.48775929666700246
1.4186666666666667,2,508.41398665641134,-30.32856834502083,-462.74292844520505,4.763472013104231,-6.899187976764684,-392.03454051727635,499.62194879118596,499.05018805365233,-293.1995986732654,-4139.9054713554215,-0.5264528154297518
1.44,2,491.6978480086356,546.7782218686008,85063.74447616792,4.649829051064464,4.189243953799636,-2138.638316896919,493.883301256124,492.3129967046425,-316.5214334852062,1977.9648380356375,-0.5546237273334745
1.4613333333333334,2,531.1453536459626,-16.689940158305458,503.2843239770659,4.641677063528353,12.571704551510676,-422.7452345315472,488.2105677098517,486.4401872857329,-215.43801956996322,7186.4153221256565,-0.5664162328841679
1.4826666666666666,2,530.849227096907,-8.520222531389342,345.84194486064797,4.817901732042447,4.140335860483149,-370.0692407359283,488.2105677098517,483.74059644306135,-28.054831821937114,9872.583984398458,-0.5589253697615791
1.504,2,530.731278540076,3.6428954410384424,891.3556048163628,4.830576861272288,-2.8170673653210483,-328.27242915414274,488.2105677098517,485.40920605848464,182.4678750699386,9306.807870034128,-0.5337531473478511
1.5253333333333334,2,531.033488706507,21.053578413518892,788.1893923464066,4.696055712894294,-9.99000287875063,-389.41217975096095,488.2105677098517,491.1933639922733,346.6238142410293,5618.8292708254885,-0.49676044764248245
1.5466666666666666,2,491.2312427981001,-651.439846833405,76566.96023691872,4.527661490998404,-5.126401901943478,-1037.1412530000314,493.883301256124,499.4531365441435,407.0200579985976,-173.25823288410902,-0.45604940341064537
1.568,2,518.9996075568289,83.18081654793345,1410.7045394414913,4.591813164882237,7.219489454935626,-748.8826645349751,505.42727619869544,507.6251800236467,337.62613973533735,-6174.744696356822,-0.4192969150113534
1.5893333333333333,2,528.381375389588,9.585737333247769,-1151.5438406953008,4.802882634875098,12.381038160541614,-451.2184494148302,511.30005826144946,513.0675238559254,158.58277212828398,-10085.338854232221,-0.39180469616324504
1.6106666666666667,2,528.3770474083996,-2.278766709294298,-159.87148441295818,4.968128873370514,3.142450048377688,-465.7245650009212,511.30005826144946,514.0657978063705,-65.53360330779105,-10235.571817496093,-0.37648376377848514
1.632,2,528.2687676511538,-3.3992841715351276,-19.737178564834046,4.921222009121547,-7.4991199859633655,-469.4876411599211,511.30005826144946,510.5546045065509,-250.43528391700238,-6549.611723050941,-0.3752744115396245
1.6533333333333333,2,519.1401060430352,-146.82283775667725,3775.9149989549946,4.702217076638936,2.8363171522620263,-640.3272231111233,505.42727619869544,504.1501859153229,-328.6506238752045,-591.5290536356624,-0.38940437233593894
1.6746666666666667,2,507.5650805811399,-60.63392153839025,-2711.4572273690674,4.704154925800259,8.318440680208592,-767.9938348553869,499.62194879118596,497.4749590801986,-275.92391637386754,5344.969575293595,-0.4179339186113218
1.696,2,498.6517371799369,-0.32429010733010555,665.9190956853126,4.753688940834556,10.350490735199823,-442.4449634138778,493.883301256124,493.1551157525994,-114.96020172862336,9292.18747001246,-0.4568289797959891
1.7173333333333334,2,498.7221774714751,-0.8153598249058789,-539.8708111050893,4.8587960130461445,-0.7819560907557896,-523.4063566340664,493.883301256124,492.94460634048653,98.21410152548924,10129.105274566682,-0.4994825412817712
1.7386666666666666,2,498.58488332617134,-2.6491464565809975,509.1031091388434,4.720668344806969,-12.042961089365885,-476.6145118878861,493.883301256124,497.21569158076824,293.2643490191549,7626.6297139234375,-0.5380171515318288
1.76,2,506.92140877554476,75.73957705086505,-396.7877478535353,4.538134006831808,-8.798434071732476,-571.3594468574472,499.62194879118596,504.8539397605021,404.2677901983261,2435.1990474355407,-0.5649130461964197
1.7813333333333334,2,529.9353793248033,-81.7487756346209,-7638.435529260462,4.407486165418074,6.314942623225593,-1367.433774302547,511.30005826144946,513.5568958618825,389.088530336041,-3866.1467107017525,-0.5746165201684059
1.8026666666666666,2,540.5479218117009,63.86937878371463,-284.054561992603,4.556596683758759,8.31172764776763,-451.5091112443468,517.2410787647879,520.5445834657247,247.59845712548122,-9005.9072161105,-0.5645886478381651
1.824,2,541.768511175631,28.057110337137235,-2720.263308642274,4.657224371840393,2.3018111047539547,-108.47721183910433,517.2410787647879,523.560381252959,28.448817304801196,-10870.824940503837,-0.5359393208003806
1.8453333333333333,2,541.786876439136,-33.692642900276454,-3124.974365746504,4.711216619559609,2.466681261245568,-123.39768603836355,517.2410787647879,521.7879757896238,-186.59918231144547,-8634.680894204183,-0.4941306746499797
1.8666666666666667,2,540.3964573741703,-58.55897186818964,901.4320849248695,4.713265241652026,-3.1956893843106675,-489.44150889476396,517.2410787647879,516.2071385777624,-317.370110926684,-3263.7108480564784,-0.44829131050705007
1.888,2,529.2271992470257,18.73102196566237,-8117.225389127856,4.7381014537167605,3.7966437547568863,-1857.8218891388067,511.30005826144946,509.17755255631215,-318.9890075302683,3071.6141872114968,-0.4080462096623933
1.9093333333333333,2,518.4225018906125,-14.77803245990574,778.9637485900006,4.8103911995179836,12.116288938165804,-443.3985642193078,505.42727619869544,503.4958169143616,-195.6077404380776,8126.875458275434,-0.38049997489250903
1.9306666666666668,2,518.2008916792732,-6.329694949137992,196.14619468795624,4.970386965284893,3.1662415255073086,-400.27831077528225,505.42727619869544,501.40455425125253,7.589370195753872,10377.4311728787,-0.3695800615562271
1.952,2,518.0963448423386,4.931869356651263,911.6139263526045,4.950521915176202,-5.074268141493946,-381.8677649209901,505.42727619869544,503.9052274234389,222.71120657213032,9218.362575397827,-0.3767132926132107
1.9733333333333334,2,518.4322247096123,22.73281326453165,951.7266365543059,4.75747932280501,-13.193574607187703,-441.9762446299356,505.42727619869544,510.48092317975266,378.44947280501947,4932.539016009308,-0.40129905511882713
1.9946666666666666,2,528.4203730104081,49.30758131531627,289.6281839356489,4.544454941474947,-10.328992055751952,-804.5629614338663,511.30005826144946,519.2271702271709,419.3468175744638,-1265.1754226540215,-0.44040379803686686
2.016,2,551.2749201360311,95.71448404289029,4653.400795356633,4.536035463855262,2.1134023273018547,-1012.5776237756812,523.2511306011972,527.4035605841046,325.62535423459485,-7288.393246932421,-0.48781644493734444
2.037333333333333,2,561.5511006635472,15.703020684668594,-912.654390009234,4.704323126394069,8.894515461139493,-443.3909378253862,529.3310158761313,532.3607117317658,126.6072936039418,-10777.003403739887,-0.5338108127109055
2.058666666666667,2,561.7139738032612,0.34085520757346693,-648.2997878845093,4.7991767990485545,0.054009479144950745,-424.56117808713293,529.3310158761313,532.5700083798649,-105.00273100286722,-10223.512418582803,-0.5677452190138937
2.08,2,561.5472748238384,-8.886897067277387,-413.8469733540829,4.702239415433969,-9.200373337909319,-451.51912166170035,529.3310158761313,528.2741543609976,-282.1093518878333,-5861.982629627222,-0.5824887913088087
2.1013333333333333,2,550.5716101648927,-36.15398184677478,16112.941122472173,4.510074958106732,4.587931636620025,-1189.086765752699,523.2511306011972,521.3865128360086,-340.91578878229484,477.92511340160854,-0.5763787762436847
2.1226666666666665,2,539.2919149237694,-60.347233892800624,-1966.064773111484,4.56395646802079,9.467614913072525,-622.3126201812195,517.2410787647879,514.69979999872,-264.75890203472227,6408.963915901259,-0.5520730417914482
2.144,2,530.6066140328473,-1.2664866142855074,621.800552691033,4.669678702063907,10.95404354287651,-492.3939888115752,511.30005826144946,510.83999599525265,-84.20536853652447,10018.214366413245,-0.5151642712121776
2.1653333333333333,2,530.6790241505173,-0.6502278808531629,-422.3224715408475,4.7771490293014685,-1.0836860623438977,-553.4949739225946,511.30005826144946,511.4117283767739,138.816707292106,10301.210917519871,-0.4732268408626625
2.1866666666666665,2,538.3706506810746,63.30228252122713,136.15409406631028,4.684756501352836,-0.6405775163187089,-302.0832862105816,517.2410787647879,516.5404646221584,330.8206137358211,7170.136165815406,-0.4345382061100442
2.208,2,539.6750608081429,62.13140776168066,-156.28622647968382,4.566781572540496,-12.222554908905995,-680.4015629034794,517.2410787647879,524.8326159289894,426.14976263418794,1457.83793460764,-0.4064479836330376
2.2293333333333334,2,562.1860554504461,63.24065007261433,2001.3423632937458,4.560681796493556,1.6138357349567747,-1480.56317319388,529.3310158761313,533.7568408074784,387.2183981449343,-5046.896724023856,-0.39352787982800475
2.2506666666666666,2,574.2458367780519,82.56091295032711,981.2739256034114,4.683285838295168,2.81631476672433,-459.10257994350746,535.48154601506,540.44596309792,222.36404522880912,-9938.619227136252,-0.39605235463117944
2.272,2,536.7379624981946,214.9487272668952,-12870.311820021343,4.8167405635844025,5.90359616293588,-580.127974408204,541.703541871763,542.7536506843846,-10.4426064575091,-11172.9747047809,-0.41080281290898296
2.2933333333333334,2,536.7100956599152,-215.54388519293343,-12822.631527588626,4.800270915119183,-7.320830613118888,-562.1809651602066,541.703541871763,540.1398437239915,-223.9388760784641,-8197.052336287918,-0.43457426627885054
2.3146666666666667,2,574.0994875929734,-87.2190246791275,1579.7617650047398,4.6715740727767265,-2.773040605337745,-536.2061765085598,535.48154601506,533.9087416340841,-339.0763145252131,-2290.050622073002,-0.46587027057671687
2.336,2,561.8685621722899,-143.2135651977894,-1767.879866688046,4.633584140825095,3.6266839046506476,-1709.1783115700593,529.3310158761313,526.6573349447136,-317.51531631918624,4203.89963128278,-0.5023435845481792
2.3573333333333335,2,551.2889521483629,-10.175977566633613,600.4775214451782,4.6643768587018695,11.376973869050559,-457.5866100053396,523.2511306011972,521.2547230328757,-171.6866367761977,9043.572711771354,-0.5384383885108627
2.3786666666666667,2,551.0929579209212,-5.740180664389918,95.0870401416113,4.799032753823639,1.2816537638328596,-452.8870154862324,523.2511306011972,519.8494014089649,46.231144558638334,10805.812412859697,-0.5666283481011685
2.4,2,550.9833269672333,4.3374099597236775,945.1042796280003,4.727730238904435,-7.936653713521993,-425.52058923120336,523.2511306011972,523.225620979179,263.90933908428997,9018.759165879339,-0.5806534255365041
2.421333333333333,2,551.3391326353515,25.42189527954479,1270.2391708975472,4.463174712049848,-16.944749417957077,-459.54004876095,523.2511306011972,530.5869134074004,408.7487007607706,4131.219528621528,-0.5781535459484699
2.4426666666666668,2,572.9582007572624,-17.610528602731748,727.0442797987616,4.3243713042563625,0.34820142284301725,-1155.1023003672428,535.48154601506,539.7630244761948,428.03353129234165,-2432.6046248865314,-0.5609539925119158
2.464,2,548.7243968655463,46.02975775438657,-713.3153212805961,4.452431254384956,17.56769085284641,-561.058630215498,547.9978338378822,547.8542787766517,309.1525898515247,-8400.241043408401,-0.5326683639578684
2.485333333333333,2,549.6243357152305,22.448789411295405,-1670.7118189821613,4.716750099693998,7.7828256191128,-374.3272878549872,547.9978338378822,552.2377694409156,91.10394210042432,-11384.951418282115,-0.49640723609067305
2.506666666666667,2,549.7426301227273,-12.111599905777044,-1608.8762242000832,4.8135425860091825,1.3948826566196164,-344.0685462099904,547.9978338378822,551.6062530046541,-145.64397305902094,-10083.167536198744,-0.4562112526079678
2.528,2,549.10783227831,-29.549007977033405,-200.74774198062607,4.75658881385149,-7.1400153232725545,-484.34295198264584,547.9978338378822,546.5301093540988,-312.24150126986206,-5057.0142427396495,-0.41961371193455854
2.5493333333333332,2,538.1010974898121,-265.79377147954426,-2395.1563923158274,4.691387543870334,2.6328312807796896,-1649.873947757665,541.703541871763,539.2154616677799,-349.6370547232218,1613.3308578263968,-0.3956701024548327
2.570666666666667,2,572.7552896397149,-57.346056422903764,-1098.1790844661264,4.717039005719898,8.36502160974689,-595.1503529100887,535.48154601506,532.6030264559191,-249.32735595107079,7474.55576622067,-0.3903766885537294
2.592,2,571.3359619109099,-44.65922994653111,2013.4152296855927,4.784052146215128,-1.018756997849702,-235.2439887744224,535.48154601506,529.2899842842917,-49.79633206920698,10687.043373459892,-0.4050259664277976
2.6133333333333333,2,563.8186495113854,-1.4979356400666457,-238.19781108139605,4.773479956501415,-4.782922722448782,-583.429259605146,529.3310158761313,530.7051979998265,181.34859931794927,10371.93288745964,-0.43748131815739766
2.6346666666666665,2,571.9006715506869,58.73054898471463,615.3360068978261,4.675625850604306,-5.869009658037423,-376.8091391488894,535.48154601506,536.7076298782943,367.8835433595814,6593.342911461368,-0.48345787022079656
2.656,2,572.4824517299753,275.3573307894688,12714.702204416075,4.434221431683578,-18.177061472590736,-719.0451375484125,535.48154601506,545.6165115743565,445.11442202841863,381.1828074986115,-0.5365240106806592
2.6773333333333333,2,560.8039751256065,94.62150987075816,152.94656392180707,4.3506293660618525,12.620568072569457,-955.5246975384941,554.3652619537442,554.6813784646762,380.94024047628045,-6261.6800833418965,-0.5870183046927899
2.6986666666666665,2,562.6659211438568,121.91184290340266,1960.446188817173,4.405050983128725,-4.176784152128804,-335.6950508778867,554.3652619537442,560.9766869682452,192.91990502923727,-10818.461908945581,-0.6219993589804814
2.72,2,571.2223219473163,-0.849188510237339,74.84972494683376,4.6443065808717945,4.394630072914277,-580.0788845788971,560.8066760204754,562.5042415856437,-51.64151232363656,-11356.765503080154,-0.6299039440615107
2.7413333333333334,2,571.1881943784476,-2.139318747187157,-232.2847572398792,4.593011432465411,-8.949047150557638,-537.4803068037711,560.8066760204754,559.0287824435305,-260.82628560066223,-7628.818242801353,-0.60816034113382
2.7626666666666666,2,561.3370294493989,-127.52327337378735,4576.604132013304,4.486369899335413,-0.14279479520260954,-796.9223577243498,554.3652619537442,552.184631436505,-357.88445468386635,-1224.2862023394555,-0.5650529523057708
2.784,2,548.7363222147027,-134.27607046121298,-4750.623248433561,4.539690235179105,4.626849232693168,-1212.0549681466987,547.9978338378822,544.7896139791446,-311.83336169226095,5365.188815638656,-0.513572021547697
2.8053333333333335,2,538.247817835489,-9.244385168451485,999.2659869083982,4.713674450255031,12.503065574846635,-465.6141896824324,541.703541871763,539.7575422455,-143.63050732482225,9925.609689220204,-0.46513632213950573
2.8266666666666667,2,538.2012818821861,0.8794004106235116,36.72158778271736,4.864987265247742,1.6361044936477187,-494.4699860789346,541.703541871763,539.1142451085119,87.68474775319919,11147.361321361153,-0.42808182332771894
2.848,2,538.2074967424068,9.116494289475934,950.2600021833257,4.788910414946738,-8.903200747652726,-493.8269869992045,541.703541871763,543.4033375934544,305.6813394566998,8700.606473733904,-0.40851196510104015
2.8693333333333335,2,548.3164782155579,114.39511260133824,-4000.9816971007726,4.583337986964365,-2.2099244173941384,-880.8386354814538,547.9978338378822,551.534911962692,437.0475437217392,3214.1793882525526,-0.4104752062613674
2.8906666666666667,2,560.4840349648092,16.90905876967096,1641.6509771441022,4.455846078354583,-4.846463697848519,-1168.4566328248834,554.3652619537442,561.074690129956,432.68832132266834,-3667.075473810546,-0.43430600366494976
2.912,2,584.4516450728427,60.680033123382294,-209.18037247174192,4.545744377195875,12.265222586885564,-626.1459829669749,567.3229357134148,568.9854998320762,288.0776133015752,-9495.150337915402,-0.4740386314535052
2.933333333333333,2,585.6935348183783,38.2561062195466,-1828.9028496685619,4.682812437048265,1.8924984774656177,-307.37918809716723,567.3229357134148,572.7076340090264,52.27271590521559,-11894.765893014497,-0.5182105281213167
2.9546666666666668,2,586.1063849428847,-13.692366713495426,-3080.8707543816267,4.685138477109004,-1.859912887883042,-240.4973850216254,567.3229357134148,571.1905270231291,-187.02326154895127,-9807.792998838471,-0.5563850984420615
2.976,2,585.0968436704997,-46.95939383450246,-251.6194375964375,4.5810537783461305,-8.247307105055254,-473.95479378226713,567.3229357134148,565.3485372958601,-340.35447677364573,-4137.150065968279,-0.584476577829966
2.997333333333333,2,572.5034478029288,-70.030354971909,6670.158878378654,4.555116955949487,1.2830709280878239,-2447.706402749877,560.8066760204754,557.6721902169387,-354.4609170765616,2806.2214013230987,-0.6023763343382238
3.018666666666667,2,560.5087258204126,-51.73184522546512,-620.58931304821,4.512641389989979,8.936447855706751,-539.6094652739561,554.3652619537442,551.2251762126355,-229.48665658617392,8530.927347031422,-0.6090862891597638
3.04,2,559.2388992439714,-29.245332634209795,2607.5874829063514,4.61088215740068,0.9108966927242415,-240.86299959726406,554.3652619537442,548.5461539076186,-11.82614171365276,11287.675101296212,-0.6028932944560255
3.0613333333333332,2,559.1766772487939,24.0361333666478,2751.329100210261,4.604790085089043,-1.1071591266178042,-197.64858793960562,554.3652619537442,550.8616895814354,225.49673893675208,10332.075571628753,-0.5849320251379785
3.082666666666667,2,560.3621340724669,59.25517608496457,189.50631882518016,4.513417706880565,-8.479098713654995,-501.2632504256521,554.3652619537442,557.7454080602693,403.992024440784,5892.2318229535595,-0.5607095687874629
3.104,2,572.0044336352495,-16.655657021808214,3064.9953545732737,4.388015496139185,-7.166859438284296,-1437.5343632353004,560.8066760204754,567.2237073951071,460.70345255499706,-790.0743177151307,-0.537536969353494
3.1253333333333333,2,597.2232812620973,116.2242042775123,2271.4724713266332,4.4279678658114445,8.794998908506345,-1009.8826421149757,573.9149106968482,576.3405858194645,369.9929755721241,-7497.208300969098,-0.5192542970165606
3.1466666666666665,2,609.1207147423636,17.911246623444434,-1426.4693948718643,4.592748052628615,13.737018815973896,-531.05601669784,580.5834807400735,582.1446465302654,159.33212223416194,-11629.406735317782,-0.5033763596636248
3.168,2,609.2331870455287,-1.9117796067037283,-587.2257038010554,4.766310585915773,2.4998351082951458,-540.3663478742283,580.5834807400735,582.8248340972287,-94.78432560199872,-11411.515058034682,-0.48596042770262154
3.1893333333333334,2,609.0395828720864,-13.197878868082945,-658.6263785667993,4.692072420673459,-9.400333257166317,-541.4081869621072,580.5834807400735,578.4769618488492,-296.7694124067202,-6928.775263010524,-0.46941100733055957
3.2106666666666666,2,597.1826560460722,-151.9081468892887,5285.208780809358,4.565127629442816,-0.21557448985573896,-1029.2784089310287,573.9149106968482,571.0670879817758,-373.36651860922575,-72.99841661006212,-0.4626222764148829
3.232,2,584.3854518788423,-120.83558258946844,-4747.055210423572,4.572526402177555,3.473791622634325,-1055.0368143957205,567.3229357134148,563.6139437529959,-301.7025862522423,6545.111384252086,-0.4733384565371691
3.2533333333333334,2,573.7306441445969,-10.966591087131805,769.1260836926582,4.670925362606669,10.04393549277532,-518.307889630983,560.8066760204754,559.0464896612564,-111.43376313848421,10761.660832898575,-0.5025816060742745
3.2746666666666666,2,573.6321080356184,-3.052688880345115,-23.685019593754696,4.753740704734063,-2.3867325931817462,-549.2647158424334,560.8066760204754,559.2388717242786,131.71993312845007,11391.626123325084,-0.5456740144074745
3.296,2,573.5541128740554,9.450074830478899,1444.1698474283921,4.582706152805339,-13.681009658006726,-518.2998667371833,560.8066760204754,564.4710833179271,347.6066140793264,8257.117736165179,-0.5956062025445908
3.3173333333333335,2,583.9544963236631,111.6216085131593,-2627.413411441613,4.362596218399849,-8.562589478800883,-919.4786594998897,567.3229357134148,573.3476106948881,462.85480744950473,2182.206189263612,-0.6446751865696472
3.3386666666666667,2,609.9277174023556,158.7964112467068,6651.048452279327,4.254653657182796,8.616916746815711,-1678.9850322351506,580.5834807400735,583.1752843967779,432.93888701638207,-4958.304005668964,-0.6834733738178728
3.36,2,571.6343151332004,-598.7354134784495,77603.92468190192,4.342672004201855,8.744654358138906,-570.50505415213,587.329535834815,590.8053081159886,262.3221466243267,-10556.946376353968,-0.6998747478340989
3.3813333333333335,2,579.6776502264157,253.81108809561053,-16999.37253706768,4.433158168150526,1.2233151917634437,-105.74457491409423,587.329535834815,593.7803992323844,10.372460157610476,-12292.440952750883,-0.6837107841408193
3.4026666666666667,2,579.6153865913287,-263.4664001475331,-17117.306797558085,4.482246090581813,2.8879624034693436,-148.58394029990313,587.329535834815,591.3410516736816,-228.66871979134157,-9392.051545891445,-0.6357611226753169
3.424,2,571.3630755020664,605.2166176559596,78923.62204630887,4.469129125106338,-5.022901939855149,-611.9145880141617,587.329535834815,584.758200062425,-365.96497186645865,-3106.2592305205762,-0.5704264924256114
3.445333333333333,2,609.3614363436932,-228.18094052631508,4871.87328839542,4.565854016543359,1.151165603217356,-2223.7035062419623,580.5834807400735,576.7943889153329,-355.05329504422843,4047.1886135698296,-0.5077459730469823
3.466666666666667,2,596.4251438383998,-45.117378996446945,231.12419289489503,4.635349393471633,9.385789405060736,-515.398503236899,573.9149106968482,570.6087249169096,-205.1291233212687,9566.71141179977,-0.4631270737069475
3.488,2,595.4404103625592,-17.662626230016585,2478.9207430351685,4.7435666295912755,1.2926639968007396,-292.25148414888815,573.9149106968482,568.6506664611536,29.568440586328506,11808.847686261404,-0.4443673038839565
0.7146666666666667,3,721.9056906552305,33.11922477011651,-3093.611480824664,3.324811149546003,4.873836969724136,-568.7900759664501,714.7821087934873,718.2575591700027,12.546890946105123,-14869.366927074036,-1.7380761336669577
0.736,3,721.9488606102414,-26.359231679669836,-2959.29799703395,3.3257855383528243,-4.910681592094275,-549.0027315496751,714.7821087934873,715.3068389614101,-276.60568915400654,-11360.954375938745,-1.7592558377904035
0.7573333333333333,3,720.6056869248303,-77.53351781913014,-1743.6098329815986,3.071534801291421,-18.754732345491842,-661.2032483802283,714.7821087934873,707.3439911867243,-442.68404240719974,-3757.4399113659747,-1.7731096346295432
0.7786666666666666,3,695.4203538308051,-130.0623727544578,-4098.621027223378,3.033131847529399,17.880093261525708,-1552.6056918952765,698.4564628660078,697.7106864100832,-429.4848961047828,4895.621029657312,-1.7804476249521974
0.8,3,682.4574573151516,-69.15948099283271,2894.232773572264,3.0730202627181895,17.993272543871395,-613.1427802468961,690.4340061491406,690.2282906774237,-248.13136914139614,11572.229049169691,-1.7876344997019566
0.8213333333333334,3,681.6964670124868,-14.674503160233193,1743.0978914827222,3.3072972947028703,3.5244847778478317,-629.3703547107068,690.4340061491406,687.8597546176927,35.76702092401683,14284.39557273098,-1.8026654342291706
0.8426666666666667,3,681.7313017469494,19.587828536949008,1940.8709551881889,3.245470158560562,-9.198754551674309,-629.9664539180733,690.4340061491406,691.8120438836984,327.69471565587446,12305.275929161813,-1.8268345758359708
0.864,3,693.1668872754922,211.8960835432562,-6917.944777412207,2.982819968176927,3.000491663909311,-1017.6798025655208,698.4564628660078,701.202830743569,530.6130929244682,6125.514144078363,-1.8513480903175892
0.8853333333333333,3,707.8122635400644,66.6879506073913,1353.2436334645674,2.9154002999497317,-3.516083610361257,-1924.667373917635,706.5721360397712,713.2870377218791,571.5065792296082,-2479.0455456827767,-1.8629971050469194
0.9066666666666666,3,740.9720887696685,-531.7044931899811,-75084.95564900099,2.909252466342602,17.379100287837662,-1141.1780947847449,723.0874768354955,724.2617476309737,428.40051424782723,-10570.602944122162,-1.854325883885253
0.928,3,716.4430978130321,-1346.1204507300695,-15960.742043833056,3.024208163966663,-2.936112357588735,-285.2874821856351,723.0874768354955,730.5691888761258,147.24605620931834,-14945.305326945265,-1.827477663219516
0.9493333333333334,3,702.3923976411368,-5.450554432598444,-26451.012211476565,3.188610090265848,0.7080267760646267,-840.660759066384,731.4893486056533,730.2929195006735,-168.69262862484902,-13702.344059945666,-1.789510724127936
0.9706666666666667,3,715.7751284234256,1332.8806121510547,-14104.341245309817,3.120011450485622,6.628104133880537,-424.4390992494199,723.0874768354955,723.9776591225141,-400.69966769311577,-7375.4704725006595,-1.7475734411373944
0.992,3,723.3823448903233,-99.27903472231802,-2077.04444107136,3.2567679056442764,9.279319492805005,-3425.272982639788,714.7821087934873,714.3996770876943,-465.83623201865703,1398.4044715766795,-1.7090712480706804
1.0133333333333334,3,708.9996470661126,-106.31920886169718,-957.5954504637681,3.13891526272726,16.51676521232578,-906.6350012197612,706.5721360397712,705.4254419810269,-347.0593334687874,9353.621659801109,-1.6848216419151734
1.0346666666666666,3,706.4205493778177,-78.73126156600718,3324.02480478849,3.2938865848747008,-0.42018877817795836,-404.35395094282393,706.5721360397712,700.5785891539946,-90.8827064614743,13959.190931172692,-1.6882947033436557
1.056,3,705.403684219358,18.35576685498175,6472.049121699248,3.271126695835479,-1.513902537981512,-174.24505760671948,706.5721360397712,701.907174386429,215.38780890218914,13944.861989469966,-1.7272241110426163
1.0773333333333333,3,707.3486653717691,101.0238995416983,877.2677680653723,3.1735326462118136,-8.169998995205418,-607.6438430324868,706.5721360397712,709.40396146935,470.82134202774614,9292.761499063112,-1.7951271875698296
1.0986666666666667,3,721.497121001434,173.6834357567213,-4737.06164465148,3.0284687324876187,-7.2944183438414525,-2328.667501185379,714.7821087934873,720.9989922434337,587.4799250662327,1255.2883028988726,-1.8724729111234708
1.12,3,741.7311373244487,-606.0458396680478,-73656.8160110736,2.800581586361733,-14.028236865557604,-1777.8598445791836,723.0874768354955,733.1320823534833,518.2558122472838,-7613.657327369321,-1.9373565450461836
1.1413333333333333,3,717.1283289324982,100.46824777819128,-941.6590945478907,2.87570241185953,15.203263339898621,-748.8416746543093,739.9888454232688,741.8956450392452,280.4722457425669,-13993.796227501472,-1.9751549636898549
1.1626666666666667,3,719.0418014748202,29.238215887773972,-5127.535177242618,3.060387875693354,2.6699282100401565,-420.1193087021423,739.9888454232688,744.4911222609896,-41.46497605461627,-15198.616884650488,-1.980054592232982
1.184,3,718.5871026626515,-52.637151597240155,-3569.367265312472,3.05753102900243,-3.050814500277224,-493.3164778380103,739.9888454232688,740.3915649530982,-326.69168926775455,-10683.659238741733,-1.952734138448504
1.2053333333333334,3,704.7764325852918,-359.7953147307445,14338.609727459758,2.830237195084096,20.63969504682797,-1265.6677906344526,731.4893486056533,731.575962455943,-470.05030632112175,-2382.521118969191,-1.8993260030407426
1.2266666666666666,3,742.2573501348555,520.5066577648212,-81064.11577328054,2.961198404964466,16.924381941840128,-1437.54445119312,723.0874768354955,721.6952168995139,-424.70716128498316,6442.433506251313,-1.8323030470788202
1.248,3,723.8637696590406,-61.36655186460882,3187.005031999407,3.0786440091488805,18.676724212411063,-713.9553763621636,714.7821087934873,714.6499745749932,-213.11982608493418,12785.86587867071,-1.7702940935637068
1.2693333333333334,3,723.3290688069658,-6.204622842609179,1714.0042262567047,3.317101599210151,3.485804981505284,-703.4313735592533,714.7821087934873,713.2572301396841,89.76034512929618,14804.834811018663,-1.7320302219743535
1.2906666666666666,3,723.5704004826252,31.915862152186634,2063.3256772814543,3.232320743963902,-11.3805153979395,-733.0630303972914,714.7821087934873,718.4154491764309,383.65724303759634,11957.67509937426,-1.7264409191746186
1.312,3,741.2825083800412,-504.603913959701,-82339.70312086644,3.0837808158948494,-6.135051618627115,-1243.107698718546,723.0874768354955,728.8560289392951,570.1706431228667,4967.893593013752,-1.7488516150532882
1.3333333333333333,3,703.6434069302045,111.63005202631695,1239.2350093120328,2.9593859139641423,-12.459496645728766,-1866.3090123461366,731.4893486056533,741.4764366861037,580.5590106109157,-4098.726823926438,-1.7876015659397724
1.3546666666666667,3,732.5878724721684,181.09022215136605,4296.937975002554,2.9744173571615464,8.579004662115855,-1256.4998241515427,748.587101636753,752.2731501380781,403.1232269462198,-12059.885183350649,-1.8328908181155112
1.376,3,745.3439615672036,34.09050641867227,-2326.038958323338,3.023126022777322,12.455941134529128,-809.7105010198757,757.2852647750104,757.7483577502105,97.12999793794006,-15700.71667805477,-1.8785839271544515
1.3973333333333333,3,745.5733402172741,-6.275134630403795,-1709.6332360100525,3.1098994394961577,-4.509613388794823,-801.8713753711787,757.2852647750104,756.3077713040745,-224.0243168314919,-13423.305334524484,-1.9190611069043526
1.4186666666666667,3,735.5025383976437,-194.39136434602764,150.40066544197006,2.8818951676820626,7.95011661042185,-502.05046419257553,748.587101636753,748.9491771550286,-440.0190670695156,-6212.959874422289,-1.9475709095843026
1.44,3,720.4102740930247,-309.0050324165113,-19626.40026778735,2.917127256620958,14.59473916897349,-2698.34120019441,739.9888454232688,738.8383425376607,-475.01929231826216,2968.4291593739763,-1.9584907473719007
1.4613333333333334,3,704.5010480798041,-108.67362400322254,-105.82657400297315,2.8690476603063613,16.455048234960987,-755.2966032574881,731.4893486056533,730.0247284219441,-323.3184383986518,10785.007126630284,-1.9518570451309818
1.4826666666666666,3,702.0573335954696,-55.70321516532305,4576.748082367602,3.0595294020695896,1.990408755594301,-381.8438542368483,731.4893486056533,725.9733195883765,-42.10326678864658,14816.272649915685,-1.9347482723192488
1.504,3,701.758534383709,39.59569750618074,5485.6254712797545,3.074471213314366,-0.428600310050301,-313.67221548661377,731.4893486056533,728.4774841561492,273.83851997740567,13967.184573394945,-1.9156091749069288
1.5253333333333334,3,703.9749433265051,111.08556376347768,358.7730377867882,2.9511738346828946,-12.07765943380079,-764.3874904233587,731.4893486056533,737.1580546253062,520.1954165594652,8432.453596965875,-1.8973684894189768
1.5466666666666666,3,719.0485633008122,358.5883286892993,-12491.025685229755,2.886099782498616,-13.931036579778548,-2118.6729983308596,739.9888454232688,749.5539017851629,610.8350318679586,-260.0171472877264,-1.8780767709650976
1.568,3,747.0238180144854,415.6273507284557,17648.04573343498,2.9373965829270037,9.416059031113909,-2261.779555632167,757.2852647750104,761.818089608675,506.69216362107545,-9266.743250191677,-1.8570221069785746
1.5893333333333333,3,762.913284118677,113.88348448284954,-1185.7713762085602,3.021740222010181,9.729970874998312,-711.0321708552543,766.0844957005892,769.9856828338714,237.9929705252871,-15135.564364494989,-1.837290087129139
1.6106666666666667,3,765.0624376708683,21.400973678329425,-7034.517854696675,3.1305437429047474,0.9184671667104289,-267.63152079480454,766.0844957005892,771.4838416797322,-98.34950361493975,-15361.02635599859,-1.8231754207349689
1.632,3,763.985935922259,-85.16550554487034,-3777.4283459182543,3.1232967407750185,-1.7089143623693615,-492.5178723760663,766.0844957005892,766.2144210970283,-375.84055533912033,-9829.324627296068,-1.8174294338629338
1.6533333333333333,3,754.8506721027021,513.3114927874345,-74177.12717820196,2.9411957233582733,15.716936941630252,-1768.7850288537832,757.2852647750104,756.6029949341332,-493.222165254876,-887.7367582172155,-1.8210757188487519
1.6746666666666667,3,733.6536173373615,-165.81099099119584,-4064.3715881055755,2.9596400703588492,14.161724984994617,-1364.9395967038863,748.587101636753,746.5851535122359,-414.09260044805706,8021.458888426889,-1.8353685401237572
1.696,3,720.4873758035156,-55.26357633603692,3021.263869912651,2.9881882734000422,15.704312187531778,-799.0340276616822,739.9888454232688,740.102152036448,-172.526432313025,13945.243041964015,-1.863071176714124
1.7173333333333334,3,720.0565794416749,-6.464201148264242,1368.2011554910953,3.142240548243806,-1.2661087961332929,-779.571681807249,739.9888454232688,739.7862302018121,147.39473560638726,15201.246779413894,-1.9051370620377883
1.7386666666666666,3,720.2364686165994,39.50525653795987,2963.2984001475284,2.9420928242924735,-17.559788052360993,-795.5117312970974,739.9888454232688,746.1960580164128,440.11624110117555,11445.65853662882,-1.9548255899307017
1.76,3,733.1256944332548,171.0240192925062,-3540.266137136829,2.7861936861001673,-15.682346181852989,-1275.2751133790948,748.587101636753,757.659152963694,606.7045681327581,3654.623055826407,-1.997882516472953
1.7813333333333334,3,762.8367314546772,107.41843973353711,-1364.9681629247987,2.713555005453086,7.180924515163155,-2174.010679098274,766.0844957005892,770.7201074868578,583.9243058338761,-5802.116626874078,-2.0207014264121006
1.8026666666666666,3,726.7282768961745,-443.44658766445826,83504.0655041722,2.743487910464645,-0.2683829869263456,-1121.9761522260837,774.9859687646108,781.2068741616187,371.58318976312876,-13515.608182178345,-2.0175634166010368
1.824,3,750.201981486511,32.52161325210825,-3380.5378196506003,2.940401988427547,10.68017058397168,-736.2359915633293,783.9908719634986,785.7328303185016,42.69454018957913,-16314.381983132946,-1.990961382178541
1.8453333333333333,3,750.1891485844994,-25.80946799298305,-2658.3839940001967,3.0175624688831606,-3.6420659514443843,-738.8244319438162,783.9908719634986,783.0728942136238,-280.03857606928796,-12958.490565420361,-1.9480152397297126
1.8666666666666667,3,727.711911692345,429.4311305476209,82256.51293195882,2.8453577635115983,13.138394475095147,-833.6039004954004,774.9859687646108,774.6974571579617,-476.29294432140887,-4898.011498154141,-1.8973521273346556
1.888,3,763.6242874012546,-176.37984329888255,-3589.5564788403763,2.952791907704165,15.015584920045491,-2200.5365728857305,766.0844957005892,764.1478114659342,-478.72250212635845,4609.722571448423,-1.848193677113383
1.9093333333333333,3,748.6442121643239,-106.64749262736598,932.3714837680056,2.996130369969679,16.101962179333334,-733.0917692206515,757.2852647750104,755.6209511706851,-293.55816259235144,12196.401955544949,-1.8109307105433137
1.9306666666666668,3,746.5365128925856,-41.607370596655,4867.210853309865,3.1897707981413284,2.157372735792627,-452.2667029454185,757.2852647750104,752.4824903740683,11.389741350896657,15573.92167300159,-1.7958249540841336
1.952,3,746.6792487623654,49.469050398511364,4367.063191966418,3.1735254797295287,-3.5556490589340553,-485.1707076609662,757.2852647750104,756.2353736701294,334.23366807214916,13834.450375289889,-1.807924033852607
1.9733333333333334,3,748.8206438259753,113.77860809690935,1113.9084307949254,2.9406603010427115,-19.313990881508957,-878.8773973614366,757.2852647750104,766.1038439037957,567.9577486142516,7402.504049242474,-1.8433499733858065
1.9946666666666666,3,725.1769420917724,-595.0058186591176,76115.73148054711,2.8036381927267855,7.196744485527365,-2000.5370152867683,774.9859687646108,779.229767280172,629.3344066059217,-1898.7110238531604,-1.892312567908554
2.016,3,751.7628633931225,243.8700055341156,11064.04423093584,2.9124815786204206,1.4510469845434353,-2946.589400450792,783.9908719634986,791.5004786765686,488.6819942230359,-10938.05042466661,-1.9446743175511152
2.037333333333333,3,773.5153192478762,139.82170535723697,-1700.4477080008135,2.8793563235387074,1.1307788053251717,-604.9299909156522,793.1004070975307,798.9399193619911,190.0057962834835,-16173.579392934917,-1.9917939148070853
2.058666666666667,3,788.9861340759169,0.00766749684772127,-839.8323279390146,2.8094783068243268,0.20080665269575815,-1011.5608326234749,802.3157899312308,799.2540211419872,-157.58276595640928,-15342.928228921955,-2.0257455571135017
2.08,3,774.0246355303319,-124.8976834850447,-3144.6207931183453,2.8438219420280353,-0.4797204024568213,-465.54413544699105,793.1004070975307,792.807021602408,-423.37538792937994,-8797.365814436693,-2.0396446152545544
2.1013333333333333,3,752.0513638720965,-491.63456958341465,15762.475869093669,2.8173127763391017,11.330688497068508,-2808.6065967282107,783.9908719634986,782.4703990017874,-511.6291018417105,717.2457352271304,-2.029979737693024
2.1226666666666665,3,726.2750547741554,503.9268536834455,73518.81975903884,2.7748180186178195,13.496677495878053,-1211.966638499092,774.9859687646108,772.4353199711773,-397.3367139613256,9618.247557444964,-1.9994969690545499
2.144,3,764.8357921323927,-254.93467833717804,15695.172570863733,2.862076077672193,16.815455255272624,-850.2714849264911,766.0844957005892,766.6427221492008,-126.37114059273154,15034.827332965331,-1.957719014876898
2.1653333333333333,3,765.4321961675487,3.454643600044705,1234.2429257333056,3.0244255917784586,-1.7095050961674154,-867.4488981755806,766.0844957005892,767.5007490710285,208.32906427048147,15459.534186851,-1.9165656600825547
2.1866666666666665,3,751.6870101646826,-1303.1190575470312,12628.72062960373,2.8949435873858294,5.170881714330187,-587.0836871537583,774.9859687646108,775.1976959568855,496.4787758337334,10760.576209068764,-1.8839414184308472
2.208,3,750.8965082813429,203.17495144753997,-4010.592281803436,2.9445299449824844,1.2200640102821572,-3124.5270041068084,783.9908719634986,787.6421355077797,639.5439210524783,2187.849137935322,-1.862172547301947
2.2293333333333334,3,772.8335904425415,104.74488498269302,82.58292155696218,2.8282685746702723,-3.918483927727107,-2155.792311222285,793.1004070975307,801.0351589741333,581.1177064199001,-7574.12629387388,-1.8515799950800353
2.2506666666666666,3,795.3585363619815,283.4159053969144,7804.097873602335,2.8175404595405515,-11.896281851473868,-996.257551631636,802.3157899312308,811.0738539896673,333.71266595926136,-14915.374981221044,-1.8529451765768223
2.272,3,813.8518541130035,37.421895826300364,-4342.1567910184585,3.0860115472335425,4.764752438719535,-681.5082723978943,811.6382503556265,814.5371143197643,-15.671733426861465,-16767.8329926226,-1.866726265862703
2.2933333333333334,3,813.7345616919264,-44.89988035676045,-4089.095712442765,3.0661390247331175,-6.610527640584921,-672.5481009394173,811.6382503556265,810.6144455800461,-336.0760921193287,-12301.719842463732,-1.8915737466632019
2.3146666666666667,3,795.2079528560005,-299.1109257307314,7518.344846177607,2.809967515275951,12.05801037646622,-1069.333940628716,802.3157899312308,801.2631240201725,-508.8685122989118,-3436.7916639852338,-1.9239233821735091
2.336,3,773.4468859302904,-200.6978225071822,-6048.667291979757,2.8443010047268804,12.457632364235575,-2113.987790186067,793.1004070975307,790.3805811352541,-476.51086119934916,6308.999067181256,-1.9589116582575232
2.3573333333333335,3,753.0116648168785,-104.74297149495386,1610.8901679368896,2.83202817214808,14.33009614761939,-731.728736112829,783.9908719634986,782.2726155584053,-257.6585850873962,13572.134625186212,-1.9919441451198356
2.3786666666666667,3,751.1342588605263,-29.87967548898943,5118.7014201948,2.994948973027576,0.6746346246055732,-518.4835210747668,783.9908719634986,780.1635802367854,69.3813538281247,16216.814490015386,-2.019053774250083
2.4,3,751.6132292929026,59.54538935495239,3878.2810872523573,2.9171283962967918,-7.673143334382216,-595.3115380009549,783.9908719634986,785.2304391009578,396.06173303257674,13534.895718080923,-2.0354748743481554
2.421333333333333,3,771.2761617758144,300.9001476012059,-11715.754306821958,2.6743022528717364,6.930784062205072,-1483.6137331062819,793.1004070975307,796.2778929220176,613.4292911337689,6199.924467140809,-2.0358925953339195
2.4426666666666668,3,792.3532810575766,324.9478840995897,14363.920088100684,2.6500577166984076,-3.723468799395186,-2193.927180784036,802.3157899312308,810.0489343903315,642.3709853840992,-3650.7294662250206,-2.0180777142301327
2.464,3,811.0153761661294,-1077.3631334310833,1894.5449674438555,2.6586195220437956,20.61974642515013,-1235.0427035945704,821.0690325523905,822.1918779169408,463.9605060312897,-12606.655128284823,-1.9854100664647798
2.485333333333333,3,786.4140028904916,-534.2778416887217,72480.55267929561,2.8164041935782196,-2.4516809065536544,-332.8814710742761,821.0690325523905,828.7703980831616,136.72416944149882,-17085.956878984813,-1.9452598092311015
2.506666666666667,3,806.6554085007451,-10.728282184731821,-1390.2158660767514,2.9250218373439485,-1.2730540179925245,-979.4395997882549,830.6093951598903,827.8226502882103,-218.57507800031453,-15132.305748782586,-1.9056906207996063
2.528,3,784.9708851778265,506.19528676480076,76526.9198688438,2.9148660462795806,3.563962121394972,-636.6880017455001,821.0690325523905,820.2046316976725,-468.5961874127388,-7589.3101449962705,-1.8733195030743854
2.5493333333333332,3,820.6146922847508,592.7858829770117,-73256.20961715636,3.047063478975877,5.693749916436451,-3447.9117251404355,811.6382503556265,809.2271799363307,-524.7175348410383,2421.205021438189,-1.852960494353931
2.570666666666667,3,793.8229434534373,-173.55029077471224,-3170.1574258962737,2.9179295799783493,11.396652484653211,-1109.8550485995793,802.3157899312308,799.3035729936527,-374.17783331591636,11217.433685453143,-1.8483795235227458
2.592,3,789.4511630213162,-123.88194059865438,6962.1334136858395,2.94133939103289,-6.609134330657816,-192.78910340954295,802.3157899312308,794.3315275607121,-74.73180618230253,16038.571933264844,-1.8624750963928698
2.6133333333333333,3,775.5974463589961,7.839951284097281,1648.03328186656,2.995769202771692,-7.2508865561480516,-947.9794684759171,793.1004070975307,796.4554084310553,272.1587677728385,15565.670125167351,-1.8952421110542697
2.6346666666666665,3,791.9843288017729,174.75485502155001,-395.6433944942098,2.876602479956552,-4.124178204778361,-770.5826080001037,802.3157899312308,805.4635533509892,552.1009383108467,9894.954197123181,-1.941301573929318
2.656,3,812.7405164766285,356.28181007722554,15096.412129423996,2.826989204736698,-9.17341510082344,-2935.667313835439,811.6382503556265,818.8335505483852,668.0051187202334,572.0597896729596,-1.9908383804102805
2.6773333333333333,3,783.917079889667,-559.8600283295971,80598.55560879236,2.584863903373555,-17.314066797374114,-2057.2303053043756,821.0690325523905,832.4376424033609,571.6957662375644,-9397.211456660181,-2.0332325050365294
2.6986666666666665,3,830.5268612797851,128.36713852713015,-2019.7332014155543,2.67924601190578,16.293155932688073,-888.3305514354021,840.2606114411665,841.8853216880306,289.5243957163766,-16235.798193122027,-2.059831368409897
2.72,3,832.7480275076737,29.50654059356334,-6437.498300803253,2.872723119166254,2.2889583608485236,-505.96549270184215,840.2606114411665,844.1777980784753,-77.50095899682492,-17043.656878197973,-2.0653510217680453
2.7413333333333334,3,832.013007818281,-74.52674331609461,-4474.163720441961,2.8411114360744243,-5.150172625893793,-620.3925503287039,840.2606114411665,838.96200550484,-391.4348429432139,-11448.942974195816,-2.0488330338520013
2.7626666666666666,3,811.3021953835655,-357.58261985133925,12092.221434671555,2.6936304169251573,13.344360681589643,-1611.789296286714,830.6093951598903,828.6906512648421,-537.0948138451204,-1837.3465463495813,-2.013959134063248
2.784,3,812.7380589495673,1026.7012486275285,-7089.174221091498,2.77387753882984,11.584852938340648,-1841.4035416424845,821.0690325523905,817.5925846328312,-467.9836722621694,8051.802892249543,-1.9683974915928073
2.8053333333333335,3,814.8759559883125,-311.7242830649148,16179.289792853808,2.8793212070507157,15.749785705500202,-759.6084471501098,811.6382503556265,810.0407069369289,-215.55337088368833,14895.850924796658,-1.922261793988489
2.8266666666666667,3,814.3775107783013,-7.003016743184653,4874.22591270879,3.0739401472465184,2.1162278624988833,-622.3981049142811,811.6382503556265,809.0752792646291,131.59281621593982,16729.393724331632,-1.8854012249039718
2.848,3,814.5464369291898,289.9515791493921,15817.736906633025,2.984226237741614,-10.374056215723249,-776.6539997978552,811.6382503556265,815.5121314374892,458.7510297317058,13057.42832088843,-1.8641098012856812
2.8693333333333335,3,812.0818826160705,-1018.7364624551201,-7812.581531947197,2.853859963110763,-5.096812488384644,-1687.3860911459335,821.0690325523905,827.7155852756046,655.8987574465573,4823.677182204556,-1.8600239675512165
2.8906666666666667,3,810.7031347713403,145.58521864473934,3045.3200570099043,2.7582247320219246,-14.82942639598166,-2232.515225438663,830.6093951598903,842.0323998558762,649.3566578608006,-5503.360619761981,-1.871989170157951
2.912,3,853.5301345076836,220.8915163076844,4035.910693666337,2.7994013279707928,10.288865468366307,-1314.1946742468378,850.0239694538642,853.9045412934745,432.3322515524924,-14249.839397130068,-1.897797862534433
2.933333333333333,3,873.1194181756532,44.54615320847608,-3473.213501855414,2.843949381802266,13.035221326295488,-964.817388960954,859.9007722221365,859.4905312316,78.44823727663606,-17851.06055441097,-1.9340824171664066
2.9546666666666668,3,873.3104016151503,-17.529516684924427,-2654.6455265329064,2.910777872139226,-6.97371577648927,-938.9802926554939,859.9007722221365,857.2137341159125,-280.67501265276223,-14719.037627783371,-1.9755770545481266
2.976,3,856.0031449291996,-224.72813696834726,976.4942266903192,2.7495271574723104,3.338157912259007,-747.8366795094515,850.0239694538642,848.446372628182,-510.78671328537166,-6208.824707187712,-2.0151098772608607
2.997333333333333,3,833.6383758134934,-441.357339698216,-10431.563177187296,2.846620685095166,6.675263615003828,-3450.9396838082903,840.2606114411665,836.9261007879147,-531.9569424744695,4211.434559903108,-2.044895857650101
3.018666666666667,3,810.7985020354506,-173.66887740060037,-2064.3360916187244,2.7024235990087893,10.779343549712262,-928.2436538808865,830.6093951598903,827.2507495923537,-344.4019193518907,12802.78250949434,-2.0589330041245346
3.04,3,806.6125328482814,-89.65038330164374,9099.373097876734,2.769811826563839,-3.2044785873783788,-160.2931931242938,830.6093951598903,823.2302089754917,-17.748072873800993,16939.969545209562,-2.0550925417508084
3.0613333333333332,3,806.6097633447146,85.95807834862667,8779.957001885577,2.769087418964715,3.3740689981806775,-134.78008054126104,830.6093951598903,826.7052473165086,338.4140535769984,15505.854293685174,-2.035121514389986
3.082666666666667,3,810.5905210750767,179.93437866541828,-1339.471135420074,2.7166692621683635,-10.21649497824847,-987.800215886857,830.6093951598903,837.0359824086978,606.2907128883526,8842.76228585653,-2.0031321548783825
3.104,3,833.1882282498108,378.35103218889566,-9044.824813809008,2.6896350543341296,-16.245764064219152,-2522.712325459721,840.2606114411665,851.260532679567,691.4003440197557,-1185.7033912078477,-1.9647277840946509
3.1253333333333333,3,881.5555355726121,-403.6623857280232,-69749.86778510318,2.7593806702614265,9.718509152684039,-2357.455820487212,859.9007722221365,864.9426808033362,555.2666670428589,-11251.429466517176,-1.9265792311370928
3.1466666666666665,3,846.154444838153,-541.0094628573617,74402.03578588678,2.861427758654143,10.610212839176205,-810.2831427922126,869.8923379105486,873.653120349438,239.11755710747093,-17452.823007504456,-1.8952699866339704
3.168,3,868.6314528262877,-0.02221033403527477,-1097.308067017432,3.050192237951485,3.9900390583239695,-1199.9028487401129,880.0,874.6739113055042,-142.24750208761543,-17125.822249824647,-1.8759006711196697
3.1893333333333334,3,846.8342475405349,568.2919807568534,73208.13321693348,2.9517623177562147,-4.26310929392755,-630.3599567880074,869.8923379105486,868.1488454489034,-445.3764622230083,-10398.354012506548,-1.8713121645820305
3.2106666666666666,3,882.4272598312323,310.13960660499174,-64907.24707901289,2.8534175564230297,9.029112938707618,-2111.3783573103083,859.9007722221365,857.028483071702,-560.3295091027394,-109.55231823027134,-1.882077972243939
3.232,3,854.6315741663975,-249.59554555009228,-7004.8595191586855,2.837347296564495,7.570338942956698,-1714.003461043357,850.0239694538642,845.8431827332071,-452.77991899009794,9822.570757954381,-1.906965495129184
3.2533333333333334,3,833.9457328366489,-83.65107416224974,3450.8631050212034,2.874512351480408,12.833901820298172,-835.687075979172,840.2606114411665,838.9885795979129,-167.2341323737055,16150.554042289848,-1.9432294813340079
3.2746666666666666,3,832.9365455218286,-2.228176571930966,4367.792991023527,2.9842760631072722,-2.932065337995844,-731.4546653491534,840.2606114411665,839.2772968276606,197.67858602944762,17095.9739517211,-1.986051072635122
3.296,3,833.9254786737955,81.84874159636662,3453.8928492895707,2.763131704132849,-17.72349820306358,-873.1756279390833,840.2606114411665,847.1295342610283,521.6703526424244,12391.862947511487,-2.0277766769278585
3.3173333333333335,3,854.7914856317204,236.64831813592141,-5482.047775849771,2.613341212439352,-16.64792972725643,-1734.125854950278,850.0239694538642,860.450975739484,694.6289881849661,3274.9442160176113,-2.0591027514869107
3.3386666666666667,3,846.1270819225647,-496.66715957703656,78128.2131201071,2.5729952048510514,9.49290566800782,-2449.7263818124293,869.8923379105486,875.1998493168788,649.7326941285282,-7441.17082468234,-2.0723952269729913
3.36,3,876.218436185497,486.90906553748516,-7635.2021181252185,2.947490387771924,0.39813037572781196,-1171.9702667753138,880.0,886.6506014114996,393.6797551959753,-15843.32896585064,-2.06459808445902
3.3813333333333335,3,895.1936462438122,40.30288587721265,-4662.161157105286,3.1240800104320043,10.793092026250896,-882.0208333447451,890.2251074656918,891.1154670641428,15.56646142154932,-18447.87108714557,-2.0379469329657818
3.4026666666666667,3,895.0816508153382,-42.09678463564425,-3871.2450639382937,3.172968752472927,-6.256902803036352,-870.4579725236223,890.2251074656918,887.4546181342769,-343.17440134938806,-14095.113979635295,-1.9986394664031388
3.424,3,875.7200946994019,-277.0549787568243,5360.182128266298,3.0731441368169077,7.245422134415024,-1104.0028816333572,880.0,877.575408756934,-549.2216436509043,-4661.716092372313,-1.9546469572708751
3.445333333333333,3,872.2058766396327,-448.3778925240864,-14027.59046337518,2.8356315365813716,-32.23564299090106,-1566.2052020244876,880.0,865.6237254424867,-532.8459532428533,6073.8151352945715,-1.9139435952511892
3.466666666666667,3,875.7434968543337,-382.0390287441654,13012.033309236747,2.8523626197211644,11.06372576874135,-829.1372753562063,859.9007722221365,856.340595062665,-307.8473704624921,14357.234632578678,-1.8835537164586977
3.488,3,873.0045556990956,-58.27148446544479,9457.496068063061,2.958695626789459,-0.7652665418222099,-258.43312438264593,859.9007722221365,853.4020403754513,44.37481394968927,17722.11887126483,-1.8687935210159958
0.7146666666666667,4,983.2389322341736,83.88877442665729,-6946.665043679021,2.841719782978969,3.286259752857121,-656.2846195440655,954.1196458652478,958.3456811521128,16.7408732380718,-19839.670876043238,-2.298731877661731
0.736,4,983.568900121863,-67.46648515838,-8245.06376076685,2.842317599795209,-3.456102738089294,-618.2942685998511,954.1196458652478,954.4086394432017,-369.0651970151812,-15158.519988881424,-2.3288057330548764
0.7573333333333333,4,980.1690970533726,-197.64330642859224,-2857.1315468624066,2.5576448084452053,-23.005021472919143,-967.4303393560403,954.1196458652478,943.7840930292939,-590.6576752848923,-5013.41929659294,-2.3686122066971427
0.7786666666666666,4,940.6315474788236,-258.4656894540215,-5322.945964109536,2.5335317546811544,21.653935209814758,-2189.3478130720478,932.3275230361796,930.9307148642464,-573.0465207761154,6532.054150473326,-2.4113303974073834
0.8,4,918.897956111991,-177.0811139346216,2766.2555880040154,2.521239616950093,19.054624076975767,-938.0389524995138,921.6188280821514,920.9472186329621,-331.0729179792106,15440.416311846813,-2.4490835439405885
0.8213333333333334,4,915.9312390058009,-53.430194103893,7705.981115485144,2.7407745228247564,1.2319598682837138,-609.4007612375542,921.6188280821514,917.7869646620615,47.72267217095941,19059.16426889808,-2.474347872080438
0.8426666666666667,4,916.4502059745695,82.21564849178647,6041.383012969896,2.680878754805176,-6.446589574632902,-670.6093187991322,921.6188280821514,923.0603645732541,437.23147981707007,16418.494854124263,-2.4815893660632
0.864,4,936.7412147355309,372.0998039357752,-11406.175137763346,2.440215381683017,10.178095531904344,-1533.6770970733157,932.3275230361796,935.5901596514663,707.9783003665507,8173.0570625523105,-2.4688904499198157
0.8853333333333333,4,959.5424980639152,405.49419900120256,13523.287635008603,2.4575713732544044,-2.6593343612671787,-2622.048553992879,943.1606470319377,951.7136900201465,762.5410341480747,-3307.7028729030862,-2.438856732989897
0.9066666666666666,4,987.0481553383555,-28.05536469361572,-27080.937794698955,2.584848563448835,-10.054699129652189,-3999.8934774005183,954.1196458652478,966.3568576540964,571.5996683789417,-14103.98198291799,-2.3980270158151793
0.928,4,963.5437871079579,455.73679314615316,-18043.52466264725,2.552563320326569,-7.822592094861473,-428.37607175115227,965.2059821312712,974.7726536303996,196.4652097756043,-19940.992780018598,-2.3549232067657404
0.9493333333333334,4,978.0844519668279,-8.965481608878639,-4582.006155185582,2.7769251670616195,0.971739270544486,-1044.4607004572497,976.4211354197039,974.4040371648726,-225.0806135199964,-18282.55349770398,-2.3176366262050787
0.9706666666666667,4,956.5939678998428,427.2279924024046,73948.2186155501,2.6526051507294315,11.579908154601645,-567.4609683533832,965.2059821312712,965.9778083956915,-534.6394076477736,-9840.829622001387,-2.292043331111989
0.992,4,985.3288946169259,-227.40252604451672,-1013.5450836982022,2.8141632804298062,12.805249040117802,-4023.22400935429,954.1196458652478,953.1982454101948,-621.5488237878308,1865.8416699622758,-2.2814325175410817
1.0133333333333334,4,961.3995874231485,-450.2191217435646,9912.954687024443,2.6437654810792983,17.843789485319682,-1346.1119055542397,943.1606470319377,941.2242406171833,-463.0690051019192,12480.20686581824,-2.2870167869852125
1.0346666666666666,4,956.5528984870807,-176.88431690528674,7537.390618552059,2.72142691146833,-7.737060949722417,-336.73347920210847,943.1606470319377,934.7572561564365,-121.26158383768052,18625.255208464572,-2.3081785112321267
1.056,4,942.4964962318805,6.80036206441508,2979.536600034471,2.7548391675932224,-6.566159028764012,-1135.3431431005279,932.3275230361796,936.5299404857421,287.3843425652012,18606.13660700852,-2.342147108917282
1.0773333333333333,4,958.9016533298169,227.2799578159183,1140.6310779506814,2.6504021318133626,-3.1342797883426115,-856.393441563656,943.1606470319377,946.5326385871538,628.2002799222246,12399.003300816752,-2.383636365750136
1.0986666666666667,4,987.6929638660514,-386.68398117030216,-81450.91406471132,2.63445545019279,-7.75334790873492,-3449.6753894546073,954.1196458652478,962.0034784318602,783.8537050709128,1674.8868394661695,-2.425201122918692
1.12,4,953.9895947427444,-465.98413812836975,82019.97708238315,2.380203788988061,-19.350631765278557,-2476.5446203187375,965.2059821312712,978.1922318359068,691.4904174087569,-10158.633951098192,-2.4586229405589175
1.1413333333333333,4,1002.581397419682,217.8509156142435,-1597.2638283969773,2.451557138230936,16.93727710205504,-1178.5966394171435,987.7666025122485,989.8851438619366,374.22420684434474,-18671.427832918707,-2.476992052355193
1.1626666666666667,4,1006.710206912632,71.88734152332337,-10760.911379375853,2.621946994462723,0.43386866344908304,-403.94201413851886,987.7666025122485,993.3481974062137,-55.32525236252695,-20278.97745743621,-2.4766038982579075
1.184,4,1005.9427430893267,-116.61149065809164,-8414.09787421362,2.6233474250430824,-0.31777469188626567,-524.2979772096104,987.7666025122485,987.8783029505349,-435.8931771479547,-14254.829021171667,-2.457728880551777
1.2053333333333334,4,983.8478486886137,-495.9748313726971,13577.744656936551,2.4152230026921773,24.947578741817424,-1646.5339205784485,976.4211354197039,976.1159560430199,-627.1715142223984,-3178.9137292662635,-2.4243158885320684
1.2266666666666666,4,954.7195549401845,384.0004993893257,71422.05343573641,2.529104641403122,20.068091339681807,-2066.1960471964535,965.2059821312712,962.932426388965,-566.6717580277473,8595.911381767597,-2.383068289605009
1.248,4,990.5851671229541,525.0214203129675,-72792.17468161978,2.611194474148412,19.700868266873407,-984.1170338458286,954.1196458652478,953.5322085030905,-284.3582532312721,17059.729054549243,-2.3418760119558297
1.2693333333333334,4,982.1058165854272,-240.1099423577512,20294.17217748572,2.859128462245928,3.1889252891920643,-724.3888541633701,954.1196458652478,951.673918816492,119.76405677013099,19753.567937763873,-2.3079843359455805
1.2906666666666666,4,983.2374390715873,317.4116104663121,17756.74094058095,2.7821262753342575,-10.020311291398102,-899.7957822545599,954.1196458652478,958.5563482085548,511.9003026327118,15954.70334217092,-2.2866314021761296
1.312,4,952.7942502022239,-351.3045177170487,69003.5672043895,2.649046361607699,-3.8479818688510177,-1839.0362965184518,965.2059821312712,972.4868448621888,760.758541806601,6628.484861926176,-2.2805618399690255
1.3333333333333333,4,981.5017471109338,446.6784671237296,13330.389094828099,2.5670843379833825,-17.458068224481345,-2628.3270628397745,976.4211354197039,989.3258089693107,774.6193734677508,-5468.786370010115,-2.290311721275145
1.3546666666666667,4,1033.0838481884443,-581.9616988808078,-84708.71733558353,2.5852618227355317,11.594924789549943,-1753.0756737077393,999.2438975823723,1003.7314822201336,537.8730771215633,-16091.078650207724,-2.3147193504056895
1.376,4,1025.6317176258497,-1385.8361130376727,-18123.354836640337,2.641635083149447,13.814173391104797,-1074.926412081918,1010.8545523973909,1011.0368582673577,129.59712410345674,-20948.911467569415,-2.3509685141878247
1.3973333333333333,4,991.4126997260097,-23.406802716471805,147955.81641266434,2.7411491232033174,-4.9516654494829915,-956.4735077166283,1010.8545523973909,1009.1147346762382,-298.9077299190685,-17910.241981970146,-2.393863588371953
1.4186666666666667,4,1037.9089423168648,579.2679927250481,-91358.73985183645,2.4779738288876163,12.391074370483427,-715.7006711515609,999.2438975823723,999.2964225233683,-587.101892862469,-8289.732819424476,-2.435488873706467
1.44,4,1007.0856913973079,-242.9213337725168,-5896.983237310791,2.547300099270303,17.00132042045012,-3348.247123201343,987.7666025122485,985.8058931656334,-633.8014566581696,3960.6701675807126,-2.466820743327131
1.4613333333333334,4,983.0302120556609,-238.75079664222744,-2345.8345194670474,2.437936322254652,16.687280859879568,-1137.1290532097548,976.4211354197039,974.0461992852116,-431.3923677112907,14390.05392976245,-2.4806461097209347
1.4826666666666666,4,977.382029770352,-140.1802136296638,10813.51036985565,2.5583184879760257,-3.889185814170405,-258.2657284055186,976.4211354197039,968.640547637469,-56.17690113186836,19768.829047682113,-2.473885930812885
1.504,4,976.6971389220492,96.58966924106791,12727.160975538703,2.563818899150966,4.446220938808167,-127.60245141598732,976.4211354197039,971.9817659341372,365.3730609631166,18635.920861713123,-2.44827657966141
1.5253333333333334,4,981.7885354962237,241.46512512237442,-390.6826704041978,2.5233018435308487,-9.88393977018169,-1126.7750535077048,976.4211354197039,983.5639443781292,694.0783629063517,11251.12487375876,-2.4093941624953827
1.5466666666666666,4,1005.4391382302613,275.08856943458085,-919.7258903341552,2.5278504248431535,-17.039107855015306,-3003.331741772114,987.7666025122485,1000.1032852290602,815.0155988102779,-346.931699664332,-2.3648656546080242
1.568,4,998.5425968298573,-323.7121181006864,83143.56748180324,2.5908325195596404,13.25834587092888,-2960.3418655374667,1010.8545523973909,1016.4669576797658,676.0614496581256,-12364.288067445625,-2.322815292941268
1.5893333333333333,4,1029.1650883105276,448.1158248123538,-15309.03834992352,2.6489822127180522,9.744040554974875,-1022.6126786751912,1022.6001165228989,1027.36468871349,317.5456109531224,-20194.848703223048,-2.29080433309998
1.6106666666666667,4,1032.7203836128972,48.184624061943985,-14118.934183125282,2.7342117676858964,-0.9220798198480897,-203.08283466256984,1022.6001165228989,1029.3636291232085,-131.2242674343288,-20495.67468278343,-2.2745583784037504
1.632,4,1030.6253972449783,-172.0227828130035,-7530.509997543592,2.7397626926457197,1.318322320401739,-567.9132693172683,1022.6001165228989,1022.3328274377465,-501.47077244427055,-13114.920537920203,-2.2764676010670386
1.6533333333333333,4,1001.1855906932127,153.1388399182448,92268.16618798854,2.591463954605892,19.522829561454156,-2241.8510743727106,1010.8545523973909,1009.5086411339267,-658.088906807825,-1184.4757944340818,-2.2953789316820927
1.6746666666666667,4,1035.0451704946663,370.9189577264032,-83684.57299770357,2.5909244753077725,15.529949900642912,-1958.9975634092045,999.2438975823723,996.1421893109399,-552.5091245751828,10702.74915173743,-2.327794692508646
1.696,4,1007.3600602627174,-139.48434336994143,4822.501509076166,2.6020001226346987,16.374709786134723,-1045.3128873531236,987.7666025122485,987.4921495224222,-230.19592231325805,18606.645025314996,-2.3686815842512083
1.7173333333333334,4,1005.532716868818,-10.843373396510387,7111.722835991535,2.7647461542954153,-1.653973226169383,-849.9714585251182,987.7666025122485,987.0706261817493,196.6635874407366,20282.486418264452,-2.411422539850732
1.7386666666666666,4,1006.9440794003958,115.66721189485553,4966.068202178909,2.547273783353264,-18.236343436704615,-1019.2911798946482,987.7666025122485,995.6230329397786,587.2315487377346,15271.537749098148,-2.448008476255329
1.76,4,1034.453062409702,-357.4301627158049,-83039.64327571266,2.398817077113431,-17.80221947790043,-1864.4379462635088,999.2438975823723,1010.9178354728118,809.5044669993222,4876.234402874485,-2.4704154955953226
1.7813333333333334,4,1028.630400889335,483.457764800987,-13099.595386093233,2.3799276047682145,12.834790778128715,-2875.556286974691,1022.6001165228989,1028.344605576648,779.1095679700375,-7741.559196264483,-2.4731665941689505
1.8026666666666666,4,1053.6016733809972,381.27722196411713,6902.652934498286,2.4083482209913933,-0.5582312318753487,-1604.8592696120456,1034.4821575295757,1042.336727794784,495.79031999316067,-18033.398408445064,-2.4558581020834307
1.824,4,1075.4083522828248,87.88313799769645,-7072.033665927245,2.5944705261560634,10.651752803564705,-920.6996269370212,1046.5022612023945,1048.375551167621,56.9658163394779,-21767.70340092719,-2.4235266093724563
1.8453333333333333,4,1075.8490698922612,-62.90213913979816,-8240.762223784797,2.6820129709172886,-2.885012495638425,-881.4664354392704,1046.5022612023945,1044.8264924132714,-373.64557672385126,-17290.056059138384,-2.3839239946173914
1.8666666666666667,4,1055.6604763431258,-388.70666636884295,4087.7962205889394,2.494786486964568,17.297358138122718,-1117.9005684731576,1034.4821575295757,1033.6514427008387,-635.5008455198258,-6535.24366021296,-2.3442742170215753
1.888,4,1031.0671847816973,-547.6287325884585,-17127.562644343827,2.62306008273226,17.838468617494044,-2873.6220543360346,1022.6001165228989,1019.5754232318303,-638.7425186475739,6150.58993734559,-2.3103625741580425
1.9093333333333333,4,999.7101125222209,652.8981914658278,90895.05448909501,2.6140193857926324,16.033398067891902,-1052.9594336480861,1010.8545523973909,1008.1983348414453,-391.6842832984403,16273.228146115784,-2.2869023425292263
1.9306666666666668,4,1029.9255673132277,483.89494211911943,-65309.70984563892,2.760627103943891,-1.76770009376742,-343.2910075538253,1010.8545523973909,1004.0107974998564,15.196929421275854,20779.733374717165,-2.2772793369696984
1.952,4,1030.4109352384203,-461.4405398178384,-67324.5366778013,2.7508475348872197,1.0074498312898863,-418.3826614876093,1010.8545523973909,1009.0181370714776,445.95617296919227,18458.818299697246,-2.282849250570306
1.9733333333333334,4,1000.226231934289,-650.9406254688945,90680.99237060643,2.5663836588598503,-20.573565629386255,-1352.5754491514813,1010.8545523973909,1022.1852881961255,757.8059548577294,9876.899577679113,-2.302553727266521
1.9946666666666666,4,1050.6213592926326,465.1294149830448,10399.811977485575,2.4765275568942426,12.989210367590884,-2732.909362784166,1034.4821575295757,1039.698743945091,839.6986608346924,-2533.383021131158,-2.333175091478673
2.016,4,1082.778347399689,-260.2176120078121,-64375.39179572824,2.594942357135408,0.047304989344551504,-3486.40026961522,1046.5022612023945,1056.0711205685823,652.0311170276254,-14594.254178908654,-2.370186699317688
2.037333333333333,4,1049.393817267713,-430.08368711417734,73695.73192650582,2.5429498613229367,-1.5213172515302873,-830.8303401602186,1058.6620317522627,1065.9973033981796,253.5180200142786,-21579.835468876874,-2.4085018513173813
2.058666666666667,4,1070.7643768880669,1.2378314010728881,-4307.358491160644,2.5111247640736107,0.366187949518426,-1306.1570533738925,1070.96309203012,1066.4163983042595,-210.2571163373068,-20471.52697297884,-2.442086857424008
2.08,4,1050.3074219714367,447.05091985821554,70984.87535778362,2.49825518143483,2.862689152857364,-606.8970913351544,1058.6620317522627,1057.8143946270757,-564.8948198994622,-11738.014340386726,-2.4635906180777813
2.1013333333333333,4,1084.0202866558159,67.87094793764206,-62390.43683374934,2.49071647077502,14.56071619114858,-3181.0955415862645,1046.5022612023945,1044.0226043416367,-682.6486318744719,956.9956418112852,-2.466655039776948
2.1226666666666665,4,1053.1247224252347,-544.3461005512769,6528.571189454725,2.4305988028975802,13.981878685734783,-1726.0627603593637,1034.4821575295757,1030.633152986445,-530.1523373154923,12833.287853766233,-2.449543825071979
2.144,4,1031.7560132215747,-111.54275698667387,5937.788169674152,2.521785303165659,17.94175524079531,-1074.484235301165,1022.6001165228989,1022.9042943973935,-168.6125474954024,20060.438850923558,-2.416117821138775
2.1653333333333333,4,1030.6831900844372,16.729515892931243,6576.33742647671,2.7064819063449597,-1.175673976600306,-992.791851962651,1022.6001165228989,1024.0491294003082,277.9661090290174,20627.11019438971,-2.373693100253917
2.1866666666666665,4,1048.6571697287766,323.8622324749841,1140.9727368629758,2.4938444133617055,13.7228748421449,-754.3355717810737,1034.4821575295757,1034.3188936540143,662.4340872270986,14357.45659658825,-2.3301819605619523
2.208,4,1074.3040523119896,531.8397111667126,13620.000602695158,2.59643533033137,8.615020303707496,-3623.775360523525,1046.5022612023945,1050.923069615266,853.320855204016,2919.1697761463,-2.292375489789722
2.2293333333333334,4,1048.4534096461323,-410.84945958089764,77108.53359917809,2.5370628243559246,-3.6623486382393367,-2884.356936737231,1058.6620317522627,1068.7929075761513,775.3648215439171,-10105.889070766978,-2.2658478075542576
2.2506666666666666,4,1080.2706614902174,649.843540587847,-6055.10205702865,2.5121130272438665,-15.390512024108537,-1396.4126549100788,1070.96309203012,1082.1871836122539,445.2610182594508,-19901.057789077982,-2.255614932888653
2.272,4,1099.8591247403642,85.71614802142794,-9429.790252261158,2.772470386162349,3.6642005926881507,-790.918140044328,1083.407083743526,1086.808089494385,-20.9102401426062,-22372.727070036024,-2.265387113692388
2.2933333333333334,4,1099.6964602318399,-98.73607108696305,-9221.881093658469,2.752063020253667,-5.545971618512084,-785.6046590360331,1083.407083743526,1081.5742112047594,-448.41445427108556,-16413.750098998193,-2.294773990875532
2.3146666666666667,4,1079.2772777973196,-444.38580515895774,6722.224111399078,2.5087184318370213,14.977345883324823,-1455.2152039383366,1070.96309203012,1069.097073281804,-678.9652747940272,-4585.589680815116,-2.337926427032107
2.336,4,1049.6216031005927,322.31151320689287,69548.115014655,2.5489286447607085,13.59913734890874,-2748.144816727358,1058.6620317522627,1054.576880851437,-635.7916043102741,8417.874522519298,-2.3857750035548646
2.3573333333333335,4,1084.216844484373,445.2564470513075,-75271.65232283683,2.4910043230611576,13.33939574902152,-992.5987185931679,1046.5022612023945,1043.7587088819248,-343.7847455665469,18108.81965609989,-2.4288718657112063
2.3786666666666667,4,1073.4575123221334,-283.95881512498386,26027.757989437287,2.617002365965837,-1.7686188173452237,-413.9974920643325,1046.5022612023945,1040.9446975762767,92.57308878283948,21637.522520471015,-2.458698155893755
2.4,4,1074.9360663153493,363.8633082114301,20938.793155161402,2.5556037992485994,-3.5904345770479984,-639.3504522827396,1046.5022612023945,1047.7052283183382,528.451175313443,18059.13309750706,-2.4686667368482618
2.421333333333333,4,1074.7036850848565,-773.7505978604498,-14000.403518348823,2.341095167042357,13.170626750099755,-2041.8731790433906,1058.6620317522627,1062.445455583575,818.4770272793248,8272.340135660022,-2.455721945148204
2.4426666666666668,4,1077.1542830362587,489.91390922626965,-11695.478356174392,2.364929996298427,-3.0219614500619927,-2941.787892633205,1070.96309203012,1080.8196696069901,857.0929072443396,-4871.039343992248,-2.421930695743711
2.464,4,1107.0819311085504,-201.4739306140637,-55332.09371426114,2.422125598701977,-16.557527236241086,-3522.0214101077354,1083.407083743526,1097.0215700765757,619.0461088838056,-16820.614468285814,-2.375093308321085
2.485333333333333,4,1105.6007313679443,-1223.217653285891,-21279.086556475628,2.5021708016063338,-6.272083930716249,-479.63264469545385,1095.995667675764,1105.7990570785296,182.42622805852443,-22797.188518601935,-2.327008906632792
2.506666666666667,4,1091.645196109143,875.592943289472,58287.02579749564,2.655947599448257,-1.3023765702122059,-1233.5064737641565,1108.7305239074883,1104.5345106849454,-291.63700309954584,-20190.500853612553,-2.288598990660587
2.528,4,1103.5158837781487,1179.3742163928835,-15665.022168721258,2.6101825921193953,7.005578488698264,-846.0396379962839,1095.995667675764,1094.3700576667068,-625.2313347449526,-10126.148365425877,-2.2653545529603387
2.5493333333333332,4,1101.3031776006565,-711.7641409129428,7261.9020486373165,2.756133859254675,8.278990644616416,-3890.437950700885,1083.407083743526,1079.723231676188,-700.112065538764,3230.5282987616956,-2.257761571782577
2.570666666666667,4,1077.4074028301823,-328.4012748463957,-4845.032315928938,2.60382117193025,10.891039567031042,-1539.03907292158,1070.96309203012,1066.4825135889932,-499.2522612027824,14967.025391778909,-2.264663013045655
2.592,4,1057.2189277696239,-92.51058805826882,5839.516383037337,2.645276967614229,14.782812158244067,-1160.5172283960337,1058.6620317522627,1059.8484890579366,-99.71200829651207,21399.699803415686,-2.28460553868739
2.6133333333333333,4,1056.5199059165102,29.47559653145649,6284.765794177618,2.7217848688325597,-8.054246385215102,-1140.511895868764,1058.6620317522627,1062.6823082546703,363.1318269511685,20768.723621938843,-2.3148624450410837
2.6346666666666665,4,1074.1976371573685,328.0435713640684,230.09876700966345,2.5391397372606104,1.003397767921016,-1084.0242124653716,1070.96309203012,1074.7015577133002,736.6487731793895,13202.487733234651,-2.3504439337736915
2.656,4,1098.8061823005623,719.959012370833,4980.431937752269,2.5674115858695914,-8.627620428545347,-3842.983731661229,1083.407083743526,1092.540672537162,891.2956255571917,763.2791753867641,-2.384486315938574
2.6773333333333333,4,1130.977557627079,-374.17962237739476,-73823.93893181781,2.3075955308986775,-23.11428170357487,-2757.5137459920215,1095.995667675764,1110.6921315907616,762.7934596883133,-12538.367204353213,-2.4104355118918113
2.6986666666666665,4,1123.3967905771076,469.6395408030613,-15989.837744080229,2.3880100506657125,18.84062035538562,-1307.6836322784193,1121.6133520409503,1123.2978362210563,386.30217069294304,-21662.851849544328,-2.424794038642162
2.72,4,1127.208773202826,65.85720888958924,-13373.486993539109,2.5836361436813178,0.4218283385140964,-540.8388603350922,1121.6133520409503,1126.3566064628405,-103.40679104905576,-22740.74913564627,-2.4272087639920166
2.7413333333333334,4,1125.7061050780098,-156.96980712777136,-8922.556812409728,2.5488036483125747,-3.340156370635022,-704.4244079658263,1121.6133520409503,1119.397358734902,-522.2776793604717,-15275.920065101236,-2.417673957372109
2.7626666666666666,4,1097.2813937849803,172.7184433457767,88318.01855065294,2.42523915580972,15.60525300736316,-2005.1838352444838,1108.7305239074883,1105.6926537167462,-716.6266315560788,-2451.506568116136,-2.395806010419513
2.784,4,1130.363245874091,270.7401888309249,-86155.3952567073,2.5021923658149765,11.751363988768766,-2468.8754833451007,1095.995667675764,1090.8848955662902,-624.4140774253756,10743.236096591689,-2.363499215581201
2.8053333333333335,4,1101.3649467150099,-217.14148609206651,4947.95169057329,2.5656003984762807,14.85874862126688,-968.9230472111252,1083.407083743526,1080.8086920066366,-287.60524606797844,19875.007549329428,-2.32612427006856
2.8266666666666667,4,1097.9114378013664,-22.00280447344091,13062.145426464496,2.7504096223525907,1.8151772538856137,-567.8653812066204,1083.407083743526,1079.520555977435,175.57964476756752,22321.438925313414,-2.290377517364006
2.848,4,1100.3978392935308,175.48893426437567,5941.043542476859,2.682791028480507,-7.832885503316465,-953.3718853733559,1083.407083743526,1088.1090203817687,612.095288737677,17422.06521707261,-2.261637685065799
2.8693333333333335,4,1129.0462204079638,-252.0245997334195,-87203.96762389292,2.5776385427093573,-3.1079002069834463,-2323.334970250219,1095.995667675764,1104.39165762183,875.1425354955718,6436.062019327655,-2.243062922250646
2.8906666666666667,4,1096.8462915461748,-365.303918355149,80088.82449945048,2.4984896011245086,-19.950326629366597,-2997.9920291963517,1108.7305239074883,1123.49407742332,866.4136431897059,-7342.939618965611,-2.236754360845467
2.912,4,1148.6567919818724,381.0699501634818,3731.8176978234806,2.53872327052107,13.521846154510449,-1817.2566644332949,1134.6458714268294,1139.3346562344877,576.8456465331838,-19013.057207665406,-2.24578093363144
2.933333333333333,4,1170.6756024408323,108.81255602419515,-7028.408604216481,2.5894521493601173,14.795821663370157,-1246.1920294720824,1147.8298213936969,1146.7878452247267,104.67071098368615,-23818.039320443757,-2.273519731779224
2.9546666666666668,4,1171.5234105652748,-42.47796870595546,-8109.51630511626,2.674249123139253,-7.378676192053844,-1160.2818958335229,1147.8298213936969,1143.7499952852145,-374.49475156795233,-19639.09179901192,-2.3185524835735114
2.976,4,1152.602097883115,-363.05391899192693,-452.96306883604103,2.4901072478373405,5.650765648613509,-1035.7916814179896,1134.6458714268294,1132.052014651951,-681.5246625924483,-8284.215414886363,-2.371025161623628
2.997333333333333,4,1127.3707415968051,-650.9208840497879,-7863.818062434728,2.6129337341691983,6.355795401962309,-4076.828276215175,1121.6133520409503,1116.6809230109852,-709.7713513374329,5619.168318816461,-2.416387482567876
3.018666666666667,4,1095.4454465139725,569.930166325452,86584.57801782027,2.413980269189136,8.611660855852138,-1295.8501919760233,1108.7305239074883,1103.7714437949076,-459.52331134770066,17082.300301665906,-2.442538045149892
3.04,4,1110.7292084098888,515.6680103016464,-71371.7567143483,2.4535459150670578,13.848787633592924,-1266.586965039565,1095.995667675764,1098.4069785179686,-23.680626495741308,22602.402778314747,-2.443539594967866
3.0613333333333332,4,1110.5445356095593,-532.1196769968504,-71168.99381515048,2.4761767117345475,-11.703565853301903,-1266.3818616885196,1095.995667675764,1103.0435993838873,451.53391363006085,20688.9134868728,-2.419389120642111
3.082666666666667,4,1094.937972047871,-560.7095584490156,88548.95983976565,2.433921332965038,-7.889515957913037,-1406.0048744836786,1108.7305239074883,1116.8275341748651,808.9522745730355,11798.58524167817,-2.374481721045768
3.104,4,1127.3688881020248,549.6062774803289,-10345.187632357296,2.4644817100083425,-19.0173861689146,-3439.9165823074854,1121.6133520409503,1135.8068489685324,922.511047991924,-1582.0421632360667,-2.3166023713099078
3.1253333333333333,4,1150.6901676695868,-799.8121272304984,7522.0631859395035,2.523342796018284,14.057833084575288,-2954.28993346573,1147.8298213936969,1154.0624557434194,740.8726931661367,-15012.384764832444,-2.257218639925266
3.1466666666666665,4,1153.5926330308175,479.1596295309278,-17320.472182448473,2.618468422089955,11.67811465388333,-1117.7232639520632,1161.1669614801474,1165.6844874413378,319.0461070900783,-23286.68503094092,-2.2108284605684307
3.168,4,1157.4233891295494,32.659586588841485,-16860.695396506668,2.738708114878371,0.07774754241809832,-348.9784329178971,1161.1669614801474,1167.0464927437752,-189.79581563919783,-22850.379472631495,-2.1896042280553822
3.1893333333333334,4,1155.1259525286619,-437.07722066856786,-20541.232135550374,2.7158233546526116,-2.3127440615646617,-815.3476829093022,1161.1669614801474,1158.3403279383083,-594.2500759074464,-13874.156355841085,-2.196552438575833
3.2106666666666666,4,1153.0011225303865,725.3137703190062,10970.409170859035,2.629623448070233,10.371987220087206,-2522.5006187362455,1147.8298213936969,1143.5028213628777,-747.6278644260019,-146.1717803031206,-2.2253378962743704
3.232,4,1150.227453307036,-640.2768927761957,3556.9294534555384,2.5987546678282447,6.053015948746772,-2280.3486678594086,1134.6458714268294,1128.5786703603142,-604.1282466668636,13105.909086782485,-2.266530500165556
3.2533333333333334,4,1127.2850069706312,-193.40837204686292,6102.214792540162,2.6074446580331134,11.313712930990597,-1000.6848161729384,1121.6133520409503,1119.4328156082781,-223.13459351100028,21549.113558579003,-2.3120355407019217
3.2746666666666666,4,1124.5403628240374,1.3167406990128712,12515.791608849628,2.7123457986376383,-2.338864892591608,-724.6184864453086,1121.6133520409503,1119.8180408059393,263.7555522508919,22810.5539437104,-2.3544778956809593
3.296,4,1127.4966549189471,194.6038327627833,5506.18215511966,2.4962177137809802,-17.562638853868215,-1136.9038445851984,1121.6133520409503,1130.295003749907,696.0463180039078,16534.024849557318,-2.3855484630516948
3.3173333333333335,4,1157.0448973868938,-247.94623188593684,-83098.1110205305,2.347255004115456,-19.65988780902097,-2249.6711367805256,1134.6458714268294,1148.0693323937312,926.8189138146117,4369.642350828275,-2.3970240721273632
3.3386666666666667,4,1147.003528613581,-258.6648481120885,78717.1136692776,2.3152314637682014,18.080595940203743,-2692.9422689978874,1161.1669614801474,1167.7482332480267,866.9153750920668,-9928.49129250925,-2.3851356583397347
3.36,4,1180.0803917822798,433.618365998223,4072.3712399929386,2.399642127681804,1.1061685053105408,-1600.203438374364,1174.6590716696305,1183.026567148897,525.2729864548892,-21139.19400240574,-2.355071035435529
3.3813333333333335,4,1202.2979042375007,98.04700651964966,-9658.80793583528,2.5787181899168123,11.079131810237385,-1093.473026005751,1188.3079526280073,1188.9838796205952,20.76977942418307,-24614.342523774234,-2.3190385799523447
3.4026666666666667,4,1202.3709837194813,-93.2805618665652,-9611.44095009893,2.633837743727041,-6.036931569833078,-1055.4541239750408,1188.3079526280073,1184.0993382517004,-457.88547745440155,-18806.612519524526,-2.2874527089133174
3.424,4,1180.8248692324078,-427.8454562111371,4034.224062209617,2.525185369850673,8.84261780723158,-1436.878477550266,1174.6590716696305,1170.9178582671186,-732.8070320570841,-6219.963066272438,-2.2629734747145807
3.445333333333333,4,1148.742785826389,209.33010808718237,75319.64063395171,2.6715228085386613,8.04494800820469,-3498.946572050915,1161.1669614801474,1154.9711495403296,-710.9575269911438,8104.076905187219,-2.243450477905174
3.466666666666667,4,1151.822343968854,943.8870056666719,46.097438745602275,2.60297852893021,8.225438332738818,-1160.5802956979871,1147.8298213936969,1142.5849966993424,-410.74986844323575,19156.350849172566,-2.227865668592035
3.488,4,1155.1963540878692,-258.47703987121116,18086.608220783302,2.6195701401444462,10.763168665145152,-1389.599450932789,1134.6458714268294,1138.6641870157314,59.20774624310434,23645.997002691904,-2.2175235043409365
