t,f_r,df_r,d2f_r,logamp,xi,dxi,d2xi,M_xx,f_truth,df_truth,d2f_truth,logamp_truth,k
0.6506666666666666,227.77184292621956,35.908455599545405,480.7973165064804,-1.07107070998988,7.831445602398237,0.22744229556164444,3.009488766559386,-0.18010722342280946,230.99576177352031,186.47936582076363,879.1880719359033,-0.3166917887710416,1
0.672,235.77684528573673,48.27451828216085,-847.5011048361309,-1.1149628692882239,7.881278233657781,0.2953869708561676,-5.246254369553823,-0.15993236850738454,234.95522882436975,174.4265540521592,-1997.6488770919386,-0.2921027085035829,1
0.6933333333333334,235.79234616214882,20.978118903496338,-362.8227728251203,-1.0478705802065127,7.881373078859473,0.12835458233424016,-2.231350004908936,-0.18429117356975627,238.02928565916318,105.68685202347115,-4253.283389378805,-0.2846075126639254,1
0.7146666666666667,235.801566268975,-1.2132650171955726,-564.4743018603149,-1.0094569570114738,7.881429490963385,-0.0074230695380347695,-3.4536381375210397,-0.22939297763388622,239.22791878496366,4.178955821553245,-4952.496021520892,-0.29747729035218906,1
0.736,235.80303404873737,-15.407969343348364,-719.7339212602418,-0.9992052837381245,7.881438471192089,-0.094269359389258,-4.409650887470305,-0.2643786988178162,238.24513114088506,-92.12823797762394,-3783.9594413531013,-0.3298728872017494,1
0.7573333333333333,235.79420535216934,-23.169622429196423,-599.8258587752614,-1.0113921786520796,7.881384454265383,-0.14176217489292023,-3.6839343300301857,-0.27931074083786955,235.59296900709444,-147.44346340955235,-1251.479384489474,-0.3756598899588528,1
0.7786666666666666,233.1054745873441,-44.80040255851727,-109.3842205774612,-1.0065955513360185,7.864839076983956,-0.27727070209491855,-0.7302699001449581,-0.21842775607044568,232.38443270515816,-143.0472628280986,1630.5700018991483,-0.4250914119444105,1
0.8,233.08579953320552,-47.32063174799518,337.0316765959728,-1.0340516877474366,7.864717302490835,-0.2928931787834626,2.0266101115503448,-0.22691659684722557,229.89229331059602,-82.64438051125035,3854.3280665766797,-0.46770470012313403,1
0.8213333333333334,233.07633441280905,-31.505404733603495,552.9632286510771,-1.0652614845751573,7.864658716512846,-0.1950120388021321,3.396369590901582,-0.21606422229797462,229.10341201738498,11.912815768737346,4757.661346346664,-0.4944497583985366,1
0.8426666666666667,233.07475019446815,-1.280416627085379,501.0879430941176,-1.1033970844744507,7.864648910490637,-0.007925572017674923,3.1016098565536576,-0.196922220196803,230.41978930220648,109.14430878241546,4098.481823690701,-0.49920552681019187,1
0.864,233.08187626396136,28.21540637649637,691.8929408620054,-1.1522832291113811,7.864693019035003,0.17464346652992885,4.26143333900273,-0.1703152232610351,233.54755087959393,176.72973194578663,2040.2068602854852,-0.4802803927110014,1
0.8853333333333333,241.27626072164875,49.449760346510374,-1024.1131056950526,-1.2712755256449393,7.914542164905841,0.2956814889773244,-6.184215028870409,-0.1573710245955884,237.5724019217862,190.3500043619424,-825.6883593278471,-0.4414797367870197,1
0.9066666666666666,241.28990007746907,21.27257570365384,-642.0148409014356,-1.1433901747759716,7.914623718204048,0.12719073390449867,-3.8498805849857707,-0.18462682801178704,241.22771605987242,142.68609097297303,-3520.719425753108,-0.39186538907961027,1
0.928,241.29890214636706,-0.001985634358129179,-628.3239271671544,-1.057983362553328,7.914677541417925,-1.1871851947979684e-05,-3.75666779150803,-0.20911856024850575,243.32851684180898,49.04280801001005,-4977.788594548649,-0.3433374933939278,1
0.9493333333333334,238.593164760381,-8.262414722316691,-636.6808877186778,-0.9807690029415479,7.8984089029354765,-0.049960126718741706,-3.8515317551110457,-0.1791759410128962,243.23650061884035,-56.185954390326515,-4563.799164724129,-0.3062943221991994,1
0.9706666666666667,238.55374561172883,-42.53377356955255,-468.97363999973766,-0.9567236958461756,7.898170528509614,-0.25723035302477565,-2.882062994077072,-0.19935515366982473,241.13309554142214,-133.4598520216532,-2456.5261141399387,-0.28611947724363235,1
0.992,238.5313077977468,-60.70692574419722,-146.27656234146534,-0.946747538085936,7.89803482556628,-0.36717016951514486,-0.9781619254039136,-0.2151213469962112,237.9429854213177,-155.1546946601011,465.7624354586005,-0.28320178670937685,1
1.0133333333333334,238.5106406173404,-55.47422256872483,344.06943180499167,-0.9481850042483604,7.897909820045071,-0.33555058839270646,2.003151111943497,-0.20976100350108542,234.95396350314135,-115.5940247066319,3115.3830760160927,-0.2954454335305223,1
1.0346666666666666,238.449210874233,-30.619823690061306,652.8741036447924,-0.9610269676012315,7.897538198048138,-0.18525986153858748,3.9263103615377988,-0.18973047093161702,233.33963658146183,-30.270033976761624,4649.34639539622,-0.3199973644325388,1
1.056,235.78016022556392,-10.891668033936146,763.7220941961048,-1.03203145087764,7.881298517301937,-0.06664409526457196,4.669995183219097,-0.23235465133099947,233.78214453146654,71.73857984156348,4644.573900383548,-0.3530504029778773,1
1.0773333333333333,235.78768045687238,4.9807310979708115,642.6488625558812,-1.0860583429303725,7.88134453146779,0.03047519718214563,3.9314799504528675,-0.20419620915043976,236.2790772104538,156.81507049244829,3095.1125593858305,-0.3891758444448641,1
1.0986666666666667,235.79885871088737,30.6767234884456,676.306333177785,-1.172180272229939,7.881412925326804,0.1876902928600095,4.1134468380574605,-0.16822651160562638,240.14099978254202,195.67019936954603,418.09516400122084,-0.42173672589375055,1
1.12,235.81523695416666,67.1448486516918,1402.8340820523808,-1.2949288480936776,7.881513129330815,0.4107857550776647,8.465439518660236,-0.13828028188163888,244.18213218470115,172.6139290551655,-2535.858308896655,-0.44475364282510754,1
1.1413333333333333,244.10673976871377,20.679412932043665,-706.5810188556261,-1.1374671115093253,7.931368318145194,0.12221738127272395,-4.186317495995122,-0.18639609533358892,247.10098606335583,93.41606053314172,-4660.872280598385,-0.4549675886582753,1
1.1626666666666667,244.11201918706877,-5.382332307590213,-567.2429857919611,-1.0916401587845836,7.931399519693844,-0.031809429762761084,-3.353091151465797,-0.21423262054797718,247.96545397752467,-13.810616814997047,-5062.158328481586,-0.4520625107287195,1
1.184,244.10746126468106,-24.521636756658047,-495.0616343963848,-1.0610538974567758,7.931372582251612,-0.14492487677364446,-2.9404130309848435,-0.2342399896146477,246.60002656198884,-108.81023375224322,-3558.3747527565574,-0.4371419253158947,1
1.2053333333333334,244.09400996069178,-33.4291450575185,-249.69790677075693,-1.041327295011361,7.931293081755577,-0.1975798660663826,-1.5028752974347028,-0.24140488099115442,243.6638399374206,-156.55826391209848,-793.5392512009712,-0.4118386177072982,1
1.2266666666666666,241.30674544847216,-30.67652822224085,194.07098259752752,-1.02120460333889,7.914724434748364,-0.18340504761135104,1.136972004428844,-0.23736863024271612,240.3728892675247,-141.45595683646388,2145.7622568126535,-0.37903450171621195,1
1.248,241.2943868082678,-25.392227490391537,486.43500353429783,-1.0009097934420073,7.914650544540708,-0.15181969693568134,2.892410123017872,-0.2390263983019297,238.0263512643905,-70.98318951902911,4258.550497698074,-0.3434521028008101,1
1.2693333333333334,241.28951928412,-10.597163376921245,572.8859947182063,-0.992559987062843,7.914621441402948,-0.06336153802591045,3.422561963961664,-0.22448099059600057,237.5624739986318,29.89621241041459,4931.002498604939,-0.31063009949369663,1
1.2906666666666666,241.29239431159823,10.48145255977055,565.7498829323104,-1.0023815238005387,7.9146386313877715,0.06266894434213444,3.37991461044432,-0.19982049423451909,239.28050674196118,127.78358209645376,3982.7074427161133,-0.2852509298013375,1
1.312,241.30240312256652,34.9822351357756,734.2812161576587,-1.038204381175782,7.91469847315162,0.2091512413324793,4.359787874681775,-0.17198429727069528,242.7579197335692,189.9050480776932,1654.6416068454273,-0.27047688828211136,1
1.3333333333333333,241.3237879382407,55.03706376041876,1295.9005818363025,-1.1036388169558045,7.914826322688653,0.3290255785831035,7.67218498006876,-0.1481401679177056,246.9613615782683,193.3650708817877,-1365.1508088223636,-0.26868947198581566,1
1.3546666666666667,249.79889935880445,37.95413763056297,-780.3022589442817,-1.0635494542358286,7.964623310062898,0.21920131065981993,-4.53988307793952,-0.18308521158260987,250.5573909633515,134.26705972664058,-4016.750253271777,-0.28236284866086836,1
1.376,249.81286773357078,10.855751264916897,-843.1620833610021,-1.0181153351855432,7.964703981121256,0.06269308165391611,-4.8720722350021335,-0.219646622174418,252.38100215301947,32.35080085345544,-5229.391219094978,-0.31288361932508396,1
1.3973333333333333,249.82545829966665,-7.060896070734811,-1079.2114352805265,-1.01007891103795,7.964776691104962,-0.04077534697549706,-6.23339553477043,-0.249213071290987,251.90119029035398,-74.61511596874334,-4470.860566478688,-0.3573034626825282,1
1.4186666666666667,247.06493083164312,-52.78058436746364,-958.3076863057242,-0.993579230447355,7.9487464343311425,-0.3082035441689194,-5.661721819992306,-0.18139666215761255,249.45028512272341,-146.55584796424955,-2069.3321521396283,-0.4065188606391946,1
1.44,246.95767457255062,-74.86997515111216,-244.48996147337718,-1.0173414348462435,7.94811999305564,-0.4373807861972606,-1.560879386421721,-0.20319662169343397,246.08269937049408,-158.21326936758123,988.6859175750287,-0.4477019073591344,1
1.4613333333333334,246.92874240655053,-69.39452731542842,639.1162936539508,-1.0338145001560983,7.9479509651535825,-0.4054414218737237,3.6201313904118164,-0.21038599750878836,243.14717501024495,-107.68671507295221,3592.130397912464,-0.4695395854838398,1
1.4826666666666666,246.80699246969868,-33.59526991498074,908.0584715397747,-1.0420273241634668,7.947239458891112,-0.19637907669742966,5.281268705546782,-0.19133561002115887,241.79778426450554,-14.023210419807583,4934.812065214472,-0.4662799048419456,1
1.504,246.76483091410392,18.791778139689587,1067.3932082747783,-1.0501990647390613,7.946992985067288,0.10986494725033474,6.232080660950578,-0.17148139095426645,242.631838943353,91.20658513228409,4652.008820319432,-0.4385204655160551,1
1.5253333333333334,244.11582812817446,12.058453244384713,672.5192773594351,-1.160878087823666,7.9314220302510545,0.07126400131388053,3.970987461787427,-0.19991254354720348,245.52305085012685,173.25994732114486,2808.572354726959,-0.39184472232099343,1
1.5466666666666666,244.1306340287737,35.367690993504254,652.8452726438684,-1.2386641321474405,7.931509528680772,0.20900610284741228,3.8277235373079423,-0.15924260203925136,249.651698964956,203.44901564787142,-86.60314371832646,-0.33528483084058336,1
1.568,252.71558748636625,55.70051143983121,-1354.4888366000846,-1.029950679263238,7.981370842168759,0.3179813814751682,-7.802550181774175,-0.16593893337446713,253.73649569441483,168.7624588427134,-3086.4467388021294,-0.28035829073388463,1
1.5893333333333333,252.72758688960323,24.62928107877767,-805.915303094098,-0.9557050262737832,7.9814393423698675,0.1405962131412836,-4.614267912556178,-0.18764042665361866,256.45685178924487,79.26761409966275,-5041.157613974647,-0.2393098100507154,1
1.6106666666666667,252.73092117260296,-4.02681324041396,-608.6304232830513,-0.9117144134154733,7.981458375993684,-0.022986753918265726,-3.4746862500845315,-0.20982986461695657,256.95583912063995,-32.756977998651564,-5116.251572035835,-0.2213721092592088,1
1.632,252.72598725982795,-27.116717487501937,-537.1486987668125,-0.8954867372993132,7.981430210856858,-0.15479671983311144,-3.082941138338545,-0.2277695345252531,255.20076880761798,-125.18010106659494,-3273.824057076359,-0.22918689204326811,1
1.6533333333333333,252.71315504520936,-41.17369137326549,-328.668805318402,-0.9036506932592561,7.981356955856015,-0.2350533764206941,-1.9146089589922226,-0.23856075886328454,251.99951955078905,-164.27604636526667,-295.6758560612798,-0.25850733173891444,1
1.6746666666666667,252.6927007762258,-40.45869406457634,94.9381647903919,-0.9287703382060952,7.981240181299077,-0.23099027834404165,0.5050452749080424,-0.23580377033532351,248.6629067668628,-137.9205964836292,2671.6835629197303,-0.301189524244205,1
1.696,249.81244257617664,-30.4390223703749,510.14730911083785,-0.9742670972548977,7.964701525791426,-0.17578878846219637,2.924738842380904,-0.243858228593466,246.50363265866577,-57.46286803483963,4644.700813573436,-0.34836944759094735,1
1.7173333333333334,249.80195508351304,-16.69036324985379,691.6669307183241,-1.0085474389502194,7.964640958066676,-0.0963927775631276,3.9881818382444614,-0.23263241675967133,246.39840950851053,49.09232821664773,5063.034258317843,-0.39140973437343424,1
1.7386666666666666,249.80156676233528,3.9395298328538897,737.2874412497423,-1.0609880787057806,7.964638715372168,0.02275221979972541,4.257744720888669,-0.20850430740806208,248.53331188201125,146.58821343095042,3812.171605881653,-0.4217889993458488,1
1.76,249.81070655041827,28.114394930500303,898.2356177596615,-1.138426195969446,7.964691500011969,0.16236493104686225,5.169175081920528,-0.1773604075164233,252.35129097887094,202.07329431991093,1217.2344820557628,-0.4324253733423764,1
1.7813333333333334,258.6032466454989,57.902521990752795,-1328.8010946777447,-1.2161751735347845,8.014596577413064,0.3230264214181983,-7.485438868997519,-0.1585883164182157,256.7014644341036,194.48593979817815,-1932.493811007822,-0.42084395015566944,1
1.8026666666666666,258.6210188406831,17.547192867706837,-862.3965690342561,-1.1071889842469789,8.014695721477173,0.09788550151585959,-4.817446295681518,-0.20981212372292335,260.19426076371764,123.76211291830987,-4501.603601966752,-0.3914882910702726,1
1.824,258.6341018852079,-5.774178186838651,-995.8365571796542,-1.0332069204360064,8.014768702266355,-0.032209125458090994,-5.555626397815107,-0.2519751104629978,261.7017075815058,14.220144101418555,-5433.782905340777,-0.3538596351302947,1
1.8453333333333333,258.6280241896674,-18.74208214742614,-1146.9245227931956,-0.9893805411157368,8.01473479968283,-0.10454825634129992,-6.405422531092389,-0.27350385639198915,260.8157705379664,-93.27161945891567,-4316.046087071765,-0.3173754399761014,1
1.8666666666666667,255.68366990722265,-63.72879643154351,-687.8464212138093,-0.9349115555848835,7.998216210752412,-0.35958971727436434,-3.970800485763672,-0.20796840756452434,258.02618851385813,-158.63748086965643,-1631.3661905009067,-0.28742809625143845,1
1.888,255.6500094115367,-77.77805576388235,112.76138919914642,-0.9128936671566654,7.998026268911167,-0.4389204428305201,0.5028042776875331,-0.22490096506416016,254.51244925612042,-159.44668649393134,1535.3466547096614,-0.2653618281446871,1
1.9093333333333333,255.62524037540902,-63.918004746068924,762.6394515802832,-0.89658983479175,7.997886484457952,-0.360739762377322,4.213975065042324,-0.21637873587116635,251.67243314190122,-97.77454811660573,4062.219487963943,-0.2510648248264908,1
1.9306666666666668,255.58084049195992,-21.776434464016578,800.9516219223522,-0.8914730197788661,7.997635879098484,-0.1229229622572923,4.510714132125632,-0.20055847596565524,250.62711529598752,3.7935474317055196,5187.159984838792,-0.2447072035018883,1
1.952,255.5888146516041,21.0838343421843,998.3172047339185,-0.9047573696226188,7.997680890692811,0.1190096808025664,5.625277859159927,-0.18121438432916354,251.8770770247537,111.32221830473281,4607.799433172215,-0.24636542825019905,1
1.9733333333333334,252.725130465776,12.541363163619248,571.7629665293206,-1.0047636304242165,7.981425319810082,0.0715930481816141,3.2603869684030515,-0.20677602251509156,255.16393918923887,189.1680058555212,2465.530108195264,-0.25539555209987685,1
1.9946666666666666,252.73715808731114,33.930975211288434,642.4416694171634,-1.1098872543285783,7.981493978502684,0.19368758452582224,3.6412350635887436,-0.1733937239737523,259.5357516280665,209.61054762313142,-632.3980567979161,-0.2711041007837447,1
2.016,261.61345141602436,80.63452439964516,-1894.8140876791026,-1.0128418707378843,8.03129291177385,0.44466761111153885,-10.586208140478877,-0.15798063070278456,263.6227211446326,162.7638650413137,-3643.104075915413,-0.2937239390279853,1
2.037333333333333,261.63785697360095,40.90604658571003,-1163.9376189867228,-0.9730717817352748,8.031427492524426,0.22555967715914801,-6.453323708611267,-0.17514305517817,266.1005536287826,63.28466804348864,-5386.886201792338,-0.3232634580221547,1
2.058666666666667,261.65398790533067,-0.15587347661603534,-819.0851559419203,-0.9584718278787623,8.031516437213499,-0.0008594475991760513,-4.516232433406693,-0.19377228644120764,266.2051705787274,-52.48562532290816,-5110.223681673349,-0.3564790250790964,1
2.08,261.64236679955485,-33.80675537581608,-639.2692100673534,-0.9646722856500745,8.031452359902337,-0.18641032385478004,-3.549014094061623,-0.21251134753471904,264.05788752883734,-141.01238702749833,-2930.112586818752,-0.38558524145326245,1
2.1013333333333333,261.6174836261596,-50.00708874540997,-204.1961319713549,-0.9792042578036968,8.031315147651648,-0.2757651283176067,-1.178755157851439,-0.22703436384239853,260.61509924148595,-170.40679023927078,238.89091238344554,-0.400810837389646,1
2.1226666666666665,261.5865247126366,-45.28931006679274,398.7220473676964,-0.9859235444540033,8.031144413978545,-0.24977839783766256,2.1557762952136184,-0.22698497243169938,257.2727451782588,-132.33976297802292,3203.5212395760464,-0.395278227644979,1
2.144,258.61662471751197,-14.944453155709883,790.3011206212362,-0.9966277294942643,8.014671209031928,-0.08336775905296291,4.403884024097171,-0.2533058708628288,255.3434217710522,-42.09006166737527,5007.60542695201,-0.36836193398018885,1
2.1653333333333333,258.61272914754426,-0.27324030276611133,926.1871934129431,-0.9889250864981376,8.014649477398052,-0.0015242963139171953,5.1668193548593635,-0.23087513189413436,255.62920225766138,69.38754466501996,5149.061278899433,-0.324982607039003,1
2.1866666666666665,258.62111637418315,19.25045423861371,804.6314828174167,-1.0036675925944216,8.014696265559285,0.1073869576246262,4.480572269333525,-0.20453333479667027,258.1928015696265,165.36071600904688,3583.9932560970774,-0.2727625878349731,1
2.208,258.63708077341306,44.25759398718774,976.2267747606052,-1.0526364098460634,8.014785318800913,0.24687183746452385,5.403214299364421,-0.17295739607367525,262.3376342082776,213.01100037409924,728.7004301336128,-0.22046280737797302,1
2.2293333333333334,267.7274093792339,57.03316846830771,-1218.597031432821,-0.9838801391732517,8.064621036453232,0.30733300526156154,-6.632089233119887,-0.17671310297824286,266.798408883307,193.5511540407315,-2522.691822607536,-0.17814821696108596,1
2.2506666666666666,267.7434216194636,26.83379116527806,-838.3962281355331,-0.8964582098671254,8.06470731857447,0.14458983607604162,-4.532062699272017,-0.20723102783332753,270.14196731192743,111.14868967351504,-4967.819791746675,-0.15629267020579615,1
2.272,267.75245962709903,2.2002194200201926,-879.0498725270411,-0.8541327869649544,8.064756017693373,0.011855150277803313,-4.736565174740042,-0.23640545911244965,271.29546517686737,-5.2197378552518785,-5584.812488880616,-0.16215505760565194,1
2.2933333333333334,267.7517701772996,-15.10832981547756,-1004.4615686604961,-0.8503246043044328,8.064752302817743,-0.0814064179163821,-5.416814379679451,-0.25632330216727767,269.98895351304304,-111.93586902716197,-4097.2974076817045,-0.19597507407870324,1
2.3146666666666667,267.7392715572379,-29.589273267807123,-584.0692665846408,-0.8747628064309163,8.064684956416855,-0.1594398070880226,-3.164838454704843,-0.2784787452388589,266.874336526286,-169.48732885322534,-1144.682027398143,-0.24995955217799706,1
2.336,264.69058070248764,-64.28119060181552,28.072252480697074,-0.9050242970247497,8.048163045674906,-0.3503643939937373,0.06792028262724874,-0.22862965235074262,263.24972018607576,-158.71006179833785,2101.3196418093285,-0.3106340360714887,1
2.3573333333333335,264.66360996453835,-53.64827555526851,610.7819521304399,-0.9308540583259335,8.048016034276458,-0.2924395276940448,3.27012548931093,-0.22572109402686227,260.5492240955493,-85.81758212018758,4520.430701791251,-0.36325870508637637,1
2.3786666666666667,264.6354195319455,-22.932520803581614,859.1620070022046,-0.9573966537657475,8.047862358584366,-0.12501967460337018,4.673001644000679,-0.2094874413267923,259.84677394491234,23.10864211199805,5401.286388275126,-0.39554272658945483,1
2.4,264.6371762928505,19.24765958502166,1127.419539127058,-0.9932415308693372,8.047871935767336,0.10493046903319711,6.138604314437614,-0.18747705457865382,261.53437762604005,131.91510885488242,4508.02764482249,-0.3995897471273432,1
2.421333333333333,264.66164161438394,66.73385681982846,1951.8477152195592,-1.0431329450431859,8.048005304657956,0.36377241411370503,10.547977659666731,-0.16407693698578216,265.21392036352154,204.31307790079154,2064.9904855554923,-0.37361966199778496,1
2.4426666666666668,273.97209295444765,65.0395894211707,-1660.7072678250727,-1.1605576254344312,8.097885136220805,0.3424885071596633,-8.826334921450144,-0.173040550169421,269.8006003753172,213.95260232128203,-1215.9376605397556,-0.3237773756903956,1
2.464,273.9866196286716,21.314738238904702,-746.2535764773215,-1.0082624505673232,8.097961629432382,0.11223419303026519,-3.938179820378592,-0.21797641378846433,273.8450146257581,154.5299521589186,-4198.861301405821,-0.26349286687085605,1
2.485333333333333,273.9998815839744,-2.2210792253177285,-829.8600713095136,-0.912810024591562,8.098031459463265,-0.011694676527826653,-4.369567524598174,-0.25625566143272227,276.0361028613884,45.53831433574669,-5690.769072630268,-0.20860651978995953,1
2.506666666666667,271.002618669859,-16.320833878419855,-1067.7487567203223,-0.8328098367480345,8.082162982031976,-0.08688471799696194,-5.68944268823869,-0.19433677108972136,275.72043930919233,-72.80015412415378,-5040.072274867212,-0.1711504018132759,1
2.528,270.87932177658615,-57.8534747915591,-810.0296386396036,-0.810676813928553,8.081506455928135,-0.3081258496682761,-4.380001714170709,-0.21597344638639993,273.1831284108769,-156.07394483219832,-2527.7490648409585,-0.15588499814716492,1
2.5493333333333332,270.8462444035592,-79.10527763779301,-218.88819866710506,-0.8072337986647966,8.081330276087012,-0.4213637593812945,-1.289000763762942,-0.23390732135892828,269.5269010521801,-174.76611586939543,806.4235858608736,-0.16054899183498667,1
2.570666666666667,267.754943380973,-36.631694385402426,438.630859243341,-0.8507701615855732,8.064769400512645,-0.19737586601336915,2.336391422354713,-0.28104541818843104,266.2216746672602,-124.6263031649869,3736.157426615944,-0.17899691294288658,1
2.592,267.7359971408751,-22.256103637711984,1001.5214517671599,-0.8548823199487403,8.064667312336821,-0.11992698288808425,5.386727746173876,-0.2650221402269592,264.5656502149716,-24.890701436437666,5341.919667546608,-0.20480014848817213,1
2.6133333333333333,267.7279441845571,-6.823947400457178,1014.1614922304939,-0.8799867394479444,8.064623918340518,-0.03677193691496089,5.464034881356044,-0.24917023193514176,265.2730449285706,90.64711503847502,5184.411666349741,-0.23255080144421517,1
2.6346666666666665,267.73613077357766,14.646921419483444,921.2264550462755,-0.9349247837852719,8.06466803241627,0.07892487590346728,4.959707260797645,-0.22054700729493262,268.2733610878594,183.8866249921266,3295.6830980302766,-0.2575751008224313,1
2.656,267.7503289469745,46.976863947228615,1167.50557056885,-1.0302843296940436,8.064744537186773,0.2531212152744139,6.246355186771899,-0.18224555832049763,272.7264664716579,222.49048721953295,190.53426012420096,-0.2765050258144525,1
2.6773333333333333,277.16561852693854,59.68860826170533,-1680.3006003141002,-1.0401805819741474,8.114604496827639,0.31068954221086686,-8.8131637056366,-0.17339970826003695,277.25754107000404,190.4130163185764,-3129.9014026261866,-0.28843516494231464,1
2.6986666666666665,277.1831597828349,27.439051022856976,-1078.2455730763731,-0.9629171913398569,8.114695799213036,0.1428159736269319,-5.626237456657948,-0.200307467018187,280.4042516388856,96.43103332584724,-5407.609240610967,-0.29430317846430093,1
2.72,277.18958574321147,-1.794952956814966,-915.827029128748,-0.9222013474718631,8.11472924494515,-0.009342233123523305,-4.766686593085484,-0.2226898488758897,281.16779996322697,-25.81301496666856,-5676.680342302454,-0.29485078819230104,1
2.7413333333333334,277.1837618581573,-17.456055304944254,-1180.7239137042573,-0.9043549058998197,8.114698932917621,-0.09085584326117124,-6.151191931861385,-0.23187112618266412,279.43059137241625,-130.37404427095316,-3813.2655406324193,-0.2896791621145315,1
2.7626666666666666,277.16437485929197,-30.72089476505274,-192.6482511861311,-0.8994798971008588,8.11459802330765,-0.15990829467789172,-1.0204962403938576,-0.27354870058957037,276.00954182470633,-178.88857954391278,-611.959576606052,-0.2774835151153403,1
2.784,274.0054535454755,-43.47689133886619,208.16265158334707,-0.8763398141053562,8.098060797284306,-0.22891477055014367,1.059696873822738,-0.2485274460191599,272.3131416281238,-155.86993622477166,2681.7901586220833,-0.25687687606612225,1
2.8053333333333335,273.9817441209596,-28.57902528081014,770.5886187467247,-0.8478536867499891,8.097935956888989,-0.1504874646971449,4.0419612530258116,-0.2325673845661583,269.7978600817702,-71.7937230807729,4961.316971581138,-0.22798035361580044,1
2.8266666666666667,273.97040985444875,-1.283518680865928,997.5557131597043,-0.8309672644795079,8.09787627324701,-0.006758854128653449,5.252976064221682,-0.2145574743858495,269.4763079451681,43.829229707829654,5572.009645861312,-0.19333916004826732,1
2.848,273.9830613741328,33.928200585528764,1196.7502537706498,-0.8337430801710433,8.097942893081246,0.178653550644827,6.27952784441135,-0.19504093229871533,271.62021124166705,152.79484731075354,4348.998993175803,-0.15731727978627397,1
2.8693333333333335,274.0029829711204,68.74575153501205,1700.5620178810875,-0.867033805629978,8.0980477891438,0.36196377771624516,8.863074743421974,-0.17447929250825536,275.6847794824166,218.45825731218792,1606.6078785830177,-0.12572267012010363,1
2.8906666666666667,274.0409286861957,73.76995437244324,2125.452554597714,-0.9412920470939641,8.098247569102615,0.3883636938831103,11.084951079200785,-0.15949210512387016,280.4532385288155,216.27929957164451,-1832.9880307405256,-0.10614127304060453,1
2.912,283.6475503256393,49.19201695100496,-1195.8426324227908,-0.8672362086349441,8.147955594244289,0.25020162812992813,-6.1257153683059355,-0.21698151918428538,284.4074575291966,143.99562307680026,-4746.151821216452,-0.10648453243744634,1
2.933333333333333,283.6642617031012,13.10048645514718,-1206.9946180396412,-0.8181754732792585,8.148040589553347,0.06662808606413617,-6.141760684636248,-0.2566896296603686,286.26796666020493,26.128522138576955,-5945.5998907882895,-0.1310435278896535,1
2.9546666666666668,283.6835452517073,-16.694890322759548,-1205.2565888071636,-0.8170027267789104,8.148138660893764,-0.08490318130880518,-6.1344240161225,-0.286746943943005,285.5096405854875,-93.48359550745226,-4902.426288457238,-0.17729598474509659,1
2.976,283.65814041309966,-42.6660690515701,-1031.362099827898,-0.8510405986285701,8.148009456798157,-0.21700109203734885,-5.278182985262656,-0.29524655885499357,282.5895214511077,-170.12621837714687,-2067.954862953513,-0.23541749727311806,1
2.997333333333333,280.41331763271467,-94.24521078398978,-311.6404426823153,-0.8587058419061648,8.131411058475685,-0.48488102980788805,-1.7663206592290446,-0.22647589861509176,278.75249861577703,-177.17732393718325,1402.6900436750147,-0.2902030533220326,1
3.018666666666667,280.3718034727666,-85.26377492072965,1017.6608369252732,-0.8858390040175497,8.131197456971154,-0.4387375039928284,5.1031017000546965,-0.24372679036888503,275.52995803757227,-114.70892765442841,4264.184866106603,-0.32566951176250825,1
3.04,277.178347295413,-25.21366032659202,891.7082724654737,-0.9393790076622706,8.114670750750438,-0.13123544126289366,4.629344930032437,-0.27658810311782644,274.1908484773836,-5.911298087798059,5642.145501442807,-0.33083886022747233,1
3.0613333333333332,277.1773742551484,0.0061126204422300955,1027.051491404615,-0.9509609615593853,8.114665686131062,3.181589847490252e-05,5.345754130092209,-0.2506760383808311,275.3482692095512,112.7145669281017,5164.488981937291,-0.3030769556033028,1
3.082666666666667,277.19253157622353,25.423152962861575,968.5455709762716,-0.992041166444011,8.114744577108814,0.13231906536124016,5.028822083904307,-0.2173855947879591,278.78909656189967,201.93545277952217,2945.2326516662724,-0.24819813287953985,1
3.104,286.9268555902961,103.84653508379235,-2964.4170322512605,-0.9794165937096784,8.16453919661848,0.5221500820153827,-15.094345976979234,-0.15256131275590482,283.52682540792034,230.28266564756632,-394.91872116876766,-0.1790244551497459,1
3.1253333333333333,286.958766089889,67.70098893090974,-1855.2976598195166,-0.8470984214702231,8.164699636670724,0.3403690443919272,-9.407874486244665,-0.18289858372422307,288.08389797662295,184.94102488970384,-3747.4803007161245,-0.1122735938729291,1
3.1466666666666665,286.97409348807804,30.602234987773087,-1207.3169802171615,-0.7596647491695983,8.164776693633026,0.15384556884683775,-6.085909069916,-0.20485212768965094,290.9850582884255,79.64217682299204,-5812.960085467435,-0.06336530379719094,1
3.168,286.9796831812803,-5.073043860016027,-972.9082594894218,-0.7118542721041186,8.16480479423273,-0.025503043065366156,-4.89142396318912,-0.2250449340696931,291.3250501100451,-47.37795438780449,-5704.046913896513,-0.04196804904534662,1
3.1893333333333334,286.9703515309175,-31.513695566635104,-934.7935042920541,-0.7003649915496704,8.164757881697183,-0.15842978925009513,-4.7169146701855045,-0.2388788649791089,289.151765743065,-148.34021970652975,-3463.3489907677285,-0.050468988642807744,1
3.2106666666666666,286.9493428678859,-46.87157472630405,-403.20930247267114,-0.7194147151963222,8.164652260320949,-0.2356561884423929,-2.065708294849881,-0.2587874670787199,285.4479395686399,-186.62729070475325,-36.48826293647289,-0.08418533805561378,1
3.232,283.68179659339273,-45.324973447913756,205.84876612015518,-0.7588111165267639,8.148129767926596,-0.23050514769354125,1.0100378586030019,-0.2625708547403034,281.72248469969986,-150.80606713378802,3271.574563817121,-0.13286855141979176,1
3.2533333333333334,283.6580023105922,-33.05639150684807,958.4304806917916,-0.7754753792094959,8.148008754403891,-0.16812602397303472,4.855019955869249,-0.23967251917783466,279.4394423269218,-55.7001773621887,5379.2172199980705,-0.18401749697394093,1
3.2746666666666666,283.64463105496816,-10.797383825568332,1048.8323930272754,-0.8074090754448333,8.147940746102684,-0.05491848035968419,5.3325610663135485,-0.22692221617815572,279.53560451986783,65.84022140828893,5694.1054346901365,-0.22620791273192703,1
3.296,283.64795774734495,22.888749458384343,1221.8283023089045,-0.8597165777690341,8.147957666480949,0.1164171446817693,6.205089589502011,-0.20577509551261328,282.1509259947447,173.7511999157723,4127.321104059229,-0.25091065507129,1
3.3173333333333335,283.6634830194106,61.25958686859645,1873.6014197357065,-0.9423219103978671,8.148036629221389,0.31156249384480394,9.461737050640687,-0.17863079517435632,286.587859068988,231.35802060039714,1090.7759754937142,-0.25406595622527056,1
3.3386666666666667,293.64207523009543,80.48716946857581,-2263.449556428372,-1.0322484903553972,8.197914892890104,0.3954421046660786,-11.228961188450505,-0.1874106260190937,291.50022272642025,216.40454485756345,-2478.4087403647136,-0.23742070734257473,1
3.36,293.66156487149874,28.28851039761384,-1176.5819606704902,-0.9073288381626847,8.198010644413138,0.138975264545198,-5.793677370817399,-0.22829825080940697,295.3140908258861,131.12175054871477,-5276.890677873278,-0.20746167618711997,1
3.3813333333333335,293.6744520224397,-4.145194712162764,-1030.1724265673868,-0.8318445983649898,8.198073954777978,-0.020363541375738814,-5.0610771610455965,-0.2602062297188679,296.80119041028945,5.184675220167264,-6144.377804370135,-0.17245559827495685,1
3.4026666666666667,293.6682661141913,-31.385556589103434,-921.4970811074572,-0.7939820980191827,8.198043565777219,-0.15418685663854692,-4.54348890697942,-0.2804005673221638,295.5818822953982,-114.30008186772466,-4694.617880036822,-0.1399862023259843,1
3.424,293.6461036511247,-55.55397604470331,-751.1274313586982,-0.7829879822450687,8.19793468481935,-0.2729389041598842,-3.741955530749016,-0.28308325800722484,292.2914432761226,-182.92762684472837,-1552.6639767901506,-0.1149917687650158,1
3.445333333333333,290.28346421931036,-85.37050383278262,223.7747921169469,-0.7352173321254165,8.181318582034658,-0.4242873525330989,0.9873699095409357,-0.2468983560931224,288.31073149830826,-177.4734241219703,2022.9876218391582,-0.09824366700375559,1
3.466666666666667,286.9652880607251,-41.68083064044555,842.646627901175,-0.7586091490663325,8.164732425730232,-0.20954704337752095,4.205902479094282,-0.2891268293964469,285.21882674600676,-102.53381227841601,4781.921632116428,-0.08710515669187512,1
3.488,286.9441690242586,-19.524613002752325,1002.5940996456965,-0.7385925082766951,8.164626247555901,-0.0981656551869698,5.0341531388065,-0.2911240689606052,284.240091036117,14.779787907842547,5902.653667602921,-0.07854351538767984,1
3.509333333333333,286.95077195939473,4.617144646921679,1019.5595507028698,-0.7517158575991578,8.164659445345588,0.023213499791955673,5.125639905272104,-0.26749429451135054,285.8732714238763,135.41128868889064,5084.834117449704,-0.07159252676034956,1
3.530666666666667,286.9674449980983,31.334856257621784,985.6292305226007,-0.8088202445017183,8.164743269519661,0.1575323003281401,4.937933468560647,-0.22704032746240055,289.7537690020984,219.2620120961219,2531.2088504470885,-0.06819684917153769,1
0.6506666666666666,455.56513377831885,129.13162405435875,3789.9533054616613,-0.9956612450643822,8.83151352582438,0.4089372514091806,11.886203982885197,-0.30822903721838657,462.13007251508174,373.07058011647314,1758.90347175207,-0.3833529948550461,2
0.672,471.50609901667235,196.41669742812033,-5806.542656195133,-1.075207905080667,8.881132622317088,0.6009877622332036,-18.016976543828598,-0.24853097866103208,470.05138146586734,348.9577274220064,-3996.4959220965393,-0.36675964050011667,2
0.6933333333333334,471.583882157244,122.53419195092381,-3779.174160552517,-0.9941349320274435,8.881370600354522,0.37486325923240343,-11.658857723245244,-0.3104651419723842,476.20133892427043,211.4370939731598,-8509.117852897383,-0.3666559850257537,2
0.7146666666666667,477.0445404730602,17.059273943308153,-1411.1464055315544,-0.987507868934836,8.89798016317467,0.05159126209634683,-4.2694839955240225,-0.42144216177291105,478.5993241041382,8.360418138559908,-9907.962505706746,-0.382706948324211,2
0.736,477.0557039648563,-26.023951448537616,-1684.3213855494407,-1.0004089179788656,8.898013923807996,-0.07870071647210869,-5.0979585687943105,-0.42826146546959143,476.6331593496945,-184.31173355923966,-7570.188461803598,-0.41248151449453074,2
0.7573333333333333,471.6017307459373,-107.8251435248098,-2809.663138655235,-1.037949520935391,8.881425202693755,-0.3298520546146743,-8.670564917922396,-0.3577129665439914,471.32724434155637,-294.9753619474359,-2503.709390759701,-0.4517620518820485,2
0.7786666666666666,466.2042536594745,-157.53039133557047,678.9160713400603,-1.0634459455262641,8.864818357487822,-0.48748657393230665,1.9362219273079884,-0.32636042310284563,464.9082472894163,-286.18032398680225,3262.1180042605847,-0.49437020875402904,2
0.8,460.8511664735554,-83.70168881333876,2310.095813499465,-1.0821707975425152,8.848157092144508,-0.2620282211479751,7.184166625467739,-0.38329258747593337,459.9224737397878,-165.33833030238748,7710.967929103412,-0.5324238273528051,2
0.8213333333333334,460.81462891145173,-28.096880581748565,1763.7125134821408,-1.0789546690397716,8.848042706735079,-0.0879642870181692,5.516378203295172,-0.4141871942816162,458.34423799018634,23.83277672622353,9518.176286482369,-0.5578533269943027,2
0.8426666666666667,460.81979521652926,17.19474864616433,1673.1186552564625,-1.1042783687612028,8.848058881050013,0.0538318424222582,5.2360475543893275,-0.39997017514351135,460.9777821098755,218.35408123908564,8199.421864003874,-0.5648380447326861,2
0.864,460.8604132356992,61.11176677840243,1984.1196723873547,-1.1669055653621454,8.848186038852313,0.19130660898416824,6.18579605698109,-0.34314865058442773,467.2351812650388,353.5654646330513,4081.637416966725,-0.5519050337330123,2
0.8853333333333333,466.24389440164714,218.80121631679748,7368.855626715111,-1.2089895840000358,8.864941022758385,0.6770349885778619,22.483673280380284,-0.23593622201663783,475.2872974151799,380.8141787694767,-1651.8719578161836,-0.5223606941414765,2
0.9066666666666666,482.5551201613252,141.76386311162918,-4669.349896090366,-1.154146532555962,8.914549934314039,0.4238314209991899,-14.084467524749762,-0.31624197326081743,482.60011811253713,285.4577636490576,-7043.5505434877705,-0.4827940970908588,2
0.928,482.60428132381736,55.77500299146298,-2818.7933751131277,-1.0598185409420529,8.914696903955083,0.16673353995249687,-8.445757621700661,-0.3806175572057807,486.8029797158939,98.11503141047433,-9958.562814625097,-0.44080097168228627,2
0.9493333333333334,482.626986918749,-13.940745860104219,-2343.873221346513,-1.011815818304581,8.914764778360507,-0.04167244158282353,-7.007638009260158,-0.41344721558006303,486.61889207953834,-112.40560855949298,-9130.335657858406,-0.40345948708484625,2
0.9706666666666667,482.5955431069728,-82.7824146001548,-2482.5095788505755,-0.9922028312924933,8.91467078173295,-0.24747385408402847,-7.463787830216523,-0.40560537927414714,482.4108203231875,-266.9997519389726,-4914.525627159048,-0.37676724679878115,2
0.992,477.0832008144474,-215.12405998023272,-1457.262519782112,-0.9921864651303691,8.898097076414723,-0.6505331019401996,-4.700083190470651,-0.31581575479742374,476.02868668655236,-310.4024495682679,931.8042313682381,-0.3650278417844126,2
1.0133333333333334,471.6113278262751,-135.97135055272696,2765.431388425193,-0.9980992619008919,8.881454561193587,-0.41594673743217275,8.33974308564928,-0.36962914320471496,470.0488500644834,-231.2573815630749,6232.634726912249,-0.37009954288854524,2
1.0346666666666666,471.5653249760818,-61.89964581128624,2371.2404157321585,-0.9834244145610276,8.881313828100383,-0.18937421246834774,7.229654962496675,-0.3996248547357688,466.81922796383964,-60.558223619591445,9301.48142762587,-0.3911922078916715,2
1.056,471.5424219382487,4.706671898797494,2373.1063678916094,-1.0058954680630992,8.88124375742348,0.014400172479870361,7.260430562110564,-0.39758897171786184,467.7045092757309,143.5201877723448,9291.933568195556,-0.4251655249197897,2
1.0773333333333333,471.57867342697364,72.71186757031114,2996.058837764955,-1.0563014579325802,8.881354665435804,0.2224465538170852,9.131508623574923,-0.3569154839986457,472.6998722691741,313.7241971096955,6192.081537097925,-0.4668837056203502,2
1.0986666666666667,471.6329324289575,149.3957945407647,4976.252193945527,-1.1691227589466742,8.881520649808104,0.4569922011247457,15.07727972431866,-0.28628873710138986,480.4260337562259,391.4577597854659,836.4410921935923,-0.5095068067695253,2
1.12,488.1397508512878,216.18096059631696,-7035.715622353297,-1.1964053597398507,8.931150429768822,0.6389219465184149,-21.07698621076433,-0.25724678379126414,488.510722391699,345.33139023417607,-5073.237603530753,-0.545038352947025,2
1.1413333333333333,493.8322984933062,56.92158187836592,-1935.939941361057,-1.185217999234303,8.947877387033634,0.166292249709112,-5.674875011857915,-0.3828528180683702,494.3501808486301,186.8881510933861,-9324.540107512148,-0.5656522389628493,2
1.1626666666666667,493.872233756295,8.761739487319527,-1567.862588654966,-1.1476111781657279,8.947994050274554,0.025594713053162757,-4.580479891429092,-0.43542513330544785,496.07963517625313,-27.6295171007514,-10127.352886834386,-0.5660574486527905,2
1.184,493.86489729022975,-43.003285987441835,-1966.9563634941144,-1.13997272576494,8.947972618897971,-0.1256226708486891,-5.756878843786589,-0.4312582479261245,493.34796137535324,-217.6857308037579,-7118.883786723716,-0.5459571027576618,2
1.2053333333333334,488.2176389616974,-142.52562607384377,-2981.53041196091,-1.123988576800775,8.931380609397804,-0.42116670420517305,-8.933446560983649,-0.3361702737563159,487.4738270305858,-313.2104299189523,-1587.554460391635,-0.5103987269855516,2
1.2266666666666666,482.6200524788983,-148.48380882728117,1682.244055862785,-1.0963224615712681,8.914744049403927,-0.44386231684144467,4.892168855047502,-0.3439056173198323,480.88995181120555,-282.99675755389035,4292.811521329684,-0.4674661621674582,2
1.248,477.0887768569068,-54.94553467384201,2288.1789624206363,-1.0645625628040918,8.898113938215305,-0.16615282990972516,6.900214897868197,-0.40493134776870654,476.19546837470426,-142.00895405141637,8519.65522671945,-0.42549299801207174,2
1.2693333333333334,477.05552775737993,-10.49172040862572,1880.7533745496398,-1.0162237897393318,8.89801339092746,-0.03172870268388521,5.687012349850066,-0.4285606222196604,475.2674356142012,59.810356272384524,9864.962568507704,-0.39148595977379896,2
1.2906666666666666,477.08106353058423,29.886971588060653,1720.833065145025,-1.007356835543602,8.898090613274265,0.09037832140767897,5.198144266313797,-0.4061351087253878,478.70453155986854,255.6438075187616,7967.8036747507285,-0.3706241272169111,2
1.312,482.60600234821334,153.14716593188453,4709.157056887844,-1.0042488624500452,8.914702048768401,0.45781580780404685,13.932202058282677,-0.29886567717365947,485.6614432609252,379.92399932071567,3310.2756533781067,-0.36610855297615713,2
1.3333333333333333,488.2310498666301,346.7921441262809,3376.423438613554,-1.0233108628726955,8.931420238404966,1.0247511023457174,9.249255490990109,-0.21264412116622952,494.07084813307296,386.8461202159524,-2731.120420620311,-0.3788494927586644,2
1.3546666666666667,499.576010572275,135.01904423661534,-4070.2878813806788,-1.03934635885307,8.964560390781115,0.3899132492823163,-11.859716500247126,-0.32970472708275805,501.2650637660169,268.6146515053697,-8035.9097113842145,-0.40693729604144907,2
1.376,499.63355004761837,55.59641467135719,-2809.2737170611194,-1.0246011245860753,8.964726545948352,0.1605349995610363,-8.129659087388193,-0.39163062397323845,504.9133799292669,64.72100539738312,-10461.918977090449,-0.44550651647546574,2
1.3973333333333333,499.6863613854098,-16.053900380298533,-2608.670394234886,-1.0564057697852798,8.964879030962077,-0.04635083975749755,-7.533245338944022,-0.41836187838448646,503.9534684175371,-149.2749853436835,-8944.402710535564,-0.48775929666700246,2
1.4186666666666667,499.62514658491585,-90.95331578207083,-2846.53417515568,-1.0982553844625516,8.964702280692501,-0.26263269278601015,-8.26733418182283,-0.40543499279316736,499.05018805365233,-293.1995986732654,-4139.9054713554215,-0.5264528154297518,2
1.44,493.912045434173,-212.13119927993066,-594.471417074789,-1.1460790876644484,8.94811034309574,-0.6196257654537654,-2.002548695132617,-0.3168554831933853,492.3129967046425,-316.5214334852062,1977.9648380356375,-0.5546237273334745,2
1.4613333333333334,488.2416977174884,-114.03469318335787,2860.6206486521355,-1.168675865537983,8.9314517018568,-0.336958697124881,8.374086566442104,-0.3846696656498647,486.4401872857329,-215.43801956996322,7186.4153221256565,-0.566416232884168,2
1.4826666666666666,488.1984303820103,-44.17436118594704,2403.6657400304143,-1.147682150829259,8.931323846459277,-0.13054145169523698,7.091358436262656,-0.41983569358525985,483.74059644306135,-28.054831821937114,9872.583984398458,-0.5589253697615791,2
1.504,488.1957153488918,19.260037773360494,2351.721164750191,-1.1339718637732563,8.931315823132154,0.0569164376281009,6.947460091443374,-0.4125673770711407,485.40920605848464,182.4678750699386,9306.807870034128,-0.5337531473478511,2
1.5253333333333334,488.23652596671656,83.01936317643226,2911.5209780597256,-1.1372348084768182,8.931436419879157,0.24531475459614335,8.561569607087437,-0.36275207960372796,491.1933639922733,346.6238142410293,5618.8292708254885,-0.4967604476424823,2
1.5466666666666666,493.91821098918655,282.55294732211,8508.240305084628,-1.1252823163154835,8.948128352294354,0.8253142460039667,24.37974720155738,-0.24533895854399632,499.4531365441435,407.0200579985976,-173.25823288410902,-0.45604940341064537,2
1.568,505.39854167092074,231.0063014954134,-7369.697101582989,-1.0749843289500758,8.981277691162347,0.6594234413096828,-21.338716957806344,-0.26968687623899806,507.6251800236467,337.62613973533735,-6174.744696356822,-0.4192969150113534,2
1.5893333333333333,511.26992511561633,63.251292035620054,-2314.839141333711,-1.0208854919982135,8.997941353365233,0.17848169991413682,-6.554064659728102,-0.40111066484785135,513.0675238559254,158.58277212828398,-10085.338854232221,-0.39180469616324504,2
1.6106666666666667,511.2996121257266,3.1445441314226703,-1870.3202995426,-0.9804666848060961,8.998025121364801,0.008872719862624192,-5.277394423330278,-0.4451832763797863,514.0657978063705,-65.53360330779105,-10235.571817496093,-0.37648376377848514,2
1.632,511.28581844189273,-59.0028041213785,-2248.958905480033,-0.9750264735197129,8.997986200256268,-0.166488194731984,-6.365099545218985,-0.43646730766684955,510.5546045065509,-250.43528391700238,-6549.611723050941,-0.37527441153962465,2
1.6533333333333333,505.445362502797,-170.3731641008658,-3148.735033090117,-0.9951563915319035,8.981411338269933,-0.4862969119585512,-9.15136769282302,-0.3323803647738867,504.1501859153229,-328.6506238752045,-591.5290536356624,-0.38940437233593894,2
1.6746666666666667,499.65023982853677,-158.8727506816805,2110.858950312807,-1.0235151651983818,8.964774736991599,-0.4587307505736504,5.949053330758944,-0.3571218676445656,497.4749590801986,-275.92391637386754,5344.969575293595,-0.4179339186113218,2
1.696,493.92315090736923,-51.607854318324996,1876.7155267815565,-1.0622688555570292,8.948142781322616,-0.1507408497844046,5.465928792509443,-0.4339402988298245,493.1551157525994,-114.96020172862336,9292.18747001246,-0.45682897979598885,2
1.7173333333333334,493.8781106476359,-12.644635822695042,1922.4582453741218,-1.079739366142431,8.94801121769351,-0.03693695468974598,5.614854885835112,-0.44617124679952447,492.94460634048653,98.21410152548924,10129.105274566682,-0.4994825412817712,2
1.7386666666666666,493.91235681510557,26.94930342744164,1754.3861669618173,-1.1364543194754795,8.94811125262526,0.07871766290863717,5.120185396867648,-0.418991055243639,497.21569158076824,293.2643490191549,7626.6297139234375,-0.538017151531829,2
1.76,499.64202935223784,167.9375622188312,5686.008720179332,-1.1792401194766624,8.964751029786399,0.4849125453000772,16.255120816870736,-0.3032834597332756,504.8539397605021,404.2677901983261,2435.1990474355407,-0.5649130461964197,2
1.7813333333333334,511.25222657650295,400.3780975154587,-8664.275247465195,-1.205607623353342,8.997891410985853,1.1298209880356882,-25.334388461973074,-0.21726513886058235,513.5568958618825,389.088530336041,-3866.1467107017525,-0.5746165201684059,2
1.8026666666666666,517.2199525082037,131.78181182012366,-4533.7812168403325,-1.178371795476835,9.0146341200455,0.3675824288492417,-12.739849506044644,-0.3429616457992202,520.5445834657247,247.59845712548122,-9005.9072161105,-0.5645886478381651,2
1.824,517.2937764923399,40.82138016988054,-3129.9375808824466,-1.137395913644549,9.01484002450671,0.11384788568822422,-8.738154332156856,-0.39948102734828095,523.560381252959,28.448817304801196,-10870.824940503837,-0.5359393208003806,2
1.8453333333333333,517.3079229376846,-39.573790594619005,-2763.567620224389,-1.1040152360866573,9.014879477383229,-0.11036543015969354,-7.7156229439035044,-0.4217423023855515,521.7879757896238,-186.59918231144547,-8634.680894204183,-0.49413067464997984,2
1.8666666666666667,517.2341413292662,-121.48208984583627,-2870.6405929776065,-1.0675659463860674,9.014673696749592,-0.33884385150408247,-8.08651647806222,-0.4040954212874426,516.2071385777624,-317.370110926684,-3263.7108480564784,-0.44829131050705007,2
1.888,511.308954825543,-207.41596552502253,739.2303559035336,-1.0374029000638494,8.99805148270604,-0.585239084979932,1.8483854619463524,-0.3383609871133238,509.17755255631215,-318.9890075302683,3071.6141872114968,-0.4080462096623933,2
1.9093333333333333,505.4503025548279,-110.57429520367887,3127.8041468959195,-1.009513657941553,8.981425438614435,-0.31560963864065666,8.858574612804397,-0.40471128353857877,503.4958169143616,-195.6077404380776,8126.875458275434,-0.38049997489250903,2
1.9306666666666668,505.414305083829,-35.36916154262427,2324.838415955188,-0.9756715919401673,8.981322688211415,-0.10096056531182127,6.629139558024659,-0.44025506465494635,501.40455425125253,7.589370195753872,10377.4311728787,-0.3695800615562271,2
1.952,505.4189974216509,29.64881410618077,2276.3622303611564,-0.97839134316746,8.981336082333847,0.08463116206045761,6.492805581424878,-0.42789872467631107,503.9052274234389,222.71120657213032,9218.362575397827,-0.3767132926132107,2
1.9733333333333334,505.4595176210681,94.1829109245183,3023.6761665082026,-1.0257709286630767,8.981451740723884,0.2688191908360774,8.580161784630826,-0.3684179430132601,510.48092317975266,378.44947280501947,4932.539016009308,-0.40129905511882696,2
1.9946666666666666,511.3427139034997,281.26616812651383,8878.645561240424,-1.0745663936985999,8.998146733231435,0.7935603556923698,24.613582824932713,-0.25595317634948955,519.2271702271709,419.3468175744638,-1265.1754226540215,-0.44040379803686686,2
2.016,523.2284990429911,265.9602206545659,-8535.554908059947,-1.0924542915692985,9.03129731300415,0.7333306425660694,-23.907794662338034,-0.27394562553028895,527.4035605841046,325.62535423459485,-7288.393246932421,-0.48781644493734444,2
2.037333333333333,529.3035856303829,66.91471452203245,-2553.63708722411,-1.1088485706960718,9.047951616945417,0.18238593016229798,-6.983372047283238,-0.4235001339340502,532.3607117317658,126.6072936039418,-10777.003403739887,-0.5338108127109055,2
2.058666666666667,529.3345566414024,-0.7852632060303117,-2269.7244617133247,-1.130446349030123,9.048036030537252,-0.002140225532073053,-6.186110210743093,-0.46189462044377927,532.5700083798649,-105.00273100286722,-10223.512418582803,-0.5677452190138937,2
2.08,529.3156796808996,-72.11695894627738,-2883.0048152831614,-1.1576468990021107,9.04798458068843,-0.1965609239055794,-7.884656144068425,-0.4430588035526161,528.2741543609976,-282.1093518878333,-5861.982629627222,-0.5824887913088087,2
2.1013333333333333,523.2621901174111,-215.40333268070805,-2772.5142216353925,-1.1758556642755513,9.031390206226245,-0.5938921743603977,-7.888624383564795,-0.3334648062536199,521.3865128360086,-340.91578878229484,477.92511340160854,-0.5763787762436847,2
2.1226666666666665,517.2559517666091,-157.77301608395817,3058.8453640127104,-1.1643214947336542,9.014734530217227,-0.4400497415506293,8.39729934033853,-0.3765959443555982,514.69979999872,-264.75890203472227,6408.963915901259,-0.5520730417914482,2
2.144,511.33008540013185,-35.049704230265284,1764.3196777558394,-1.140295456383667,8.998111102912146,-0.09889117797177754,4.971170708864405,-0.45979234126454516,510.83999599525265,-84.20536853652447,10018.214366413245,-0.5151642712121776,2
2.1653333333333333,511.3016488309274,0.3619052398783464,1649.995925608962,-1.0978044164488994,8.99803086816877,0.0010211562901039472,4.655648138909826,-0.47027547121927765,511.4117283767739,138.816707292106,10301.210917519871,-0.4732268408626625,2
2.1866666666666665,517.2207804019334,97.34008120979549,3716.300834621334,-1.0583888959764973,9.014636429309125,0.2715127809288151,10.314859554306228,-0.3721426155039256,516.5404646221584,330.8206137358211,7170.136165815406,-0.4345382061100442,2
2.208,517.2988195121445,191.7641431657365,5909.416117838096,-1.086588079533806,9.01485408905674,0.5348111534962322,16.282518744373252,-0.3033552427865244,524.8326159289894,426.14976263418794,1457.83793460764,-0.40644798363303775,2
2.2293333333333334,529.3278206212497,346.6301297423982,-6480.63863823219,-1.0362503670282823,9.048017671477597,0.9447483198882903,-18.28179642345308,-0.2422643366652421,533.7568408074784,387.2183981449343,-5046.896724023856,-0.39352787982800475,2
2.2506666666666666,535.4833485825376,139.17734460618973,-4533.096740090588,-1.0092329373637554,9.064697903329337,0.3749705110326042,-12.3104922016332,-0.34921928052169066,540.44596309792,222.36404522880912,-9938.619227136252,-0.39605235463117944,2
2.272,541.6855156513788,15.222757169008114,-1510.8005082272207,-1.0007984635828118,9.081311704291824,0.04054344382824374,-4.024921326113698,-0.483313041058094,542.7536506843846,-10.4426064575091,-11172.9747047809,-0.41080281290898296,2
2.2933333333333334,541.6882382841178,-29.190711117103252,-1643.3701629751718,-1.018312498398437,9.08131895558204,-0.07774452386499592,-4.381028116696009,-0.490303195002448,540.1398437239915,-223.9388760784641,-8197.052336287918,-0.43457426627885054,2
2.3146666666666667,535.4891217620223,-145.0983106420891,-3270.2805957558453,-1.0517208675766119,9.064713457300412,-0.39091851673083694,-8.91659423160172,-0.39182925107895533,533.9087416340841,-339.0763145252131,-2290.050622073002,-0.46587027057671687,2
2.336,529.3519706047521,-210.58302549513928,1433.0749307969068,-1.0941661301018852,9.048083491306654,-0.5739226515585664,3.6773863811136644,-0.3443750371241194,526.6573349447136,-317.51531631918624,4203.89963128278,-0.5023435845481792,2
2.3573333333333335,523.283064124955,-86.90885624619953,3267.7665582675977,-1.129596622932004,9.031447757157844,-0.2396083200693528,8.969460021030567,-0.4153406085992049,521.2547230328757,-171.6866367761977,9043.572711771354,-0.5384383885108627,2
2.3786666666666667,523.2469726083443,-26.77931479741411,2349.4930661492426,-1.1399256100991737,9.031348249164331,-0.07383584937729205,6.474236639718469,-0.4597302368439669,519.8494014089649,46.231144558638334,10805.812412859697,-0.5666283481011685,2
2.4,523.2566154431781,32.38348422197745,2277.3623157006778,-1.1664969443857123,9.031374836115688,0.0892860036832659,6.273495318347724,-0.44031612808180143,523.225620979179,263.90933908428997,9018.759165879339,-0.5806534255365041,2
2.421333333333333,523.3082604527328,92.62683188984762,2996.8997447683246,-1.228195417085928,9.031517221936095,0.25536052288784583,8.216876148436443,-0.3696376322430616,530.5869134074004,408.7487007607706,4131.219528621528,-0.5781535459484701,2
2.4426666666666668,535.4745851977156,407.4728778065107,1801.8911162745815,-1.1965764097295253,9.064674292893436,1.097828200177138,4.019320843795442,-0.23656831607401196,539.7630244761948,428.03353129234165,-2432.6046248865314,-0.5609539925119158,2
2.464,547.9361950397024,135.53661505563048,-4567.613401566261,-1.1817709683024695,9.097864096721317,0.3568627226486949,-12.11462434622333,-0.3551906394403634,547.8542787766517,309.1525898515247,-8400.241043408401,-0.5326683639578684,2
2.485333333333333,547.9968879437511,56.278810935800664,-2840.374339857629,-1.1049185784330584,9.098023889966246,0.1481635447764463,-7.492984965502922,-0.4415280551957293,552.2377694409156,91.10394210042432,-11384.951418282115,-0.49640723609067305,2
2.506666666666667,548.0195659096053,-19.835501593045095,-2374.7607854245543,-1.0651314525085267,9.098083592334335,-0.052218171689423845,-6.253593110985033,-0.47673408738057493,551.6062530046541,-145.64397305902094,-10083.167536198744,-0.4562112526079678,2
2.528,547.9803825995833,-98.8338601815387,-2969.4364617056362,-1.0340302857152395,9.097980436185185,-0.26020478922875856,-7.864712749113057,-0.44926139643918583,546.5301093540988,-312.24150126986206,-5057.0142427396495,-0.41961371193455854,2
2.5493333333333332,541.7077575233434,-242.48647294295068,-1849.592686236161,-1.017144775299693,9.081370940839037,-0.6457984533890964,-5.214980856481468,-0.3448268646026314,539.2154616677799,-349.6370547232218,1613.3308578263968,-0.39567010245483286,2
2.570666666666667,535.4965918910053,-157.02696647728226,3349.430888684145,-1.0062449033180902,9.064733582906014,-0.4230503597093347,8.899733612539356,-0.40202684516093423,532.6030264559191,-249.32735595107079,7474.55576622067,-0.3903766885537294,2
2.592,535.4333866484774,-65.81250502178672,2988.3699556755196,-0.9977084185016931,9.064563289998192,-0.1773280803756575,8.03019799928392,-0.4384046401052225,529.2899842842917,-49.79633206920698,10687.043373459892,-0.4050259664277976,2
2.6133333333333333,529.3405034479323,-0.8247203051958701,1507.7830667332307,-1.0349221826561186,9.048052238396705,-0.002247740134519196,4.10939515337772,-0.4962991817130963,530.7051979998265,181.34859931794927,10371.93288745964,-0.43748131815739766,2
2.6346666666666665,535.4686247737133,102.41656952360078,3938.2944922621286,-1.0654782026334173,9.064658234013619,0.2759375061778822,10.558036641550004,-0.3858209387903881,536.7076298782943,367.8835433595814,6593.342911461368,-0.48345787022079656,2
2.656,535.5481953491068,195.69233747200843,6456.007202514255,-1.173715801647238,9.064872602401818,0.5271689219805844,17.198987386039985,-0.3037033820128812,545.6165115743565,445.11442202841863,381.1828074986115,-0.5365240106806592,2
2.6773333333333333,554.2830056411236,243.9993206607573,-8280.147304642323,-1.2124008008491813,9.114478964938622,0.6350846161887695,-21.831244230829753,-0.29253989190841223,554.6813784646762,380.94024047628045,-6261.6800833418965,-0.5870183046927899,2
2.6986666666666665,554.389400475165,139.18360715370125,-4964.1267911051,-1.2004625225287224,9.114755864226584,0.3621993848395694,-13.00914720696446,-0.348825253244429,560.9766869682452,192.91990502923727,-10818.461908945581,-0.6219993589804814,2
2.72,560.7936637858515,9.633607639507282,-1885.767763969291,-1.2026040250232555,9.13132623870177,0.024783371968864664,-4.851742682433892,-0.49578641142640434,562.5042415856437,-51.64151232363656,-11356.765503080154,-0.6299039440615107,2
2.7413333333333334,560.779261441742,-48.43001507063322,-1956.298171454996,-1.200229297880596,9.13128918682586,-0.12459402010150636,-5.043652565642051,-0.4969367921842467,559.0287824435305,-260.82628560066223,-7628.818242801353,-0.60816034113382,2
2.7626666666666666,554.3580745948778,-180.4615667309267,-3267.1543476851552,-1.179280776247599,9.114674342161065,-0.4696441151038053,-8.655524845648415,-0.3777111894693422,552.184631436505,-357.88445468386635,-1224.2862023394555,-0.5650529523057708,2
2.784,547.9964816250183,-206.10517482306113,2670.046886828771,-1.1383140345325353,9.098022820262656,-0.5426073407205759,6.825279627084811,-0.3543370175124013,544.7896139791446,-311.83336169226095,5365.188815638656,-0.513572021547697,2
2.8053333333333335,541.7231835631853,-70.89925449471961,2682.823861771936,-1.0916647203085112,9.081412023422777,-0.18881599674112182,7.120075131695823,-0.45138664851077276,539.7575422455,-143.63050732482225,9925.609689220204,-0.46513632213950573,2
2.8266666666666667,541.6976476708552,-9.417241559982752,2040.6119063928238,-1.0454428960022826,9.081344015675143,-0.025080795081642623,5.43429438633038,-0.483203245921737,539.1142451085119,87.68474775319919,11147.361321361153,-0.42808182332771877,2
2.848,541.7226132484501,48.80975141868811,2208.6479454870787,-1.0318462439398735,9.081410504583085,0.12998827185098286,5.8702750540874025,-0.44715128750449623,543.4033375934544,305.6813394566998,8700.606473733904,-0.40851196510104015,2
2.8693333333333335,547.9953477128355,224.57967195800495,7288.799010085162,-1.0342171444736152,9.098019835040615,0.5912458570507222,18.946752793792154,-0.30696030137248326,551.534911962692,437.0475437217392,3214.1793882525526,-0.4104752062613674,2
2.8906666666666667,554.387366153866,425.032711012388,1885.9306000590616,-1.0595367266874174,9.11475057027502,1.106072435682052,4.059807087355724,-0.24734162038395707,561.074690129956,432.68832132266834,-3667.075473810546,-0.43430600366494976,2
2.912,567.267919146567,139.20739690414248,-4247.989405574473,-1.081771691838342,9.147886466974363,0.3540369803933472,-10.890511532740701,-0.3834831382856815,568.9854998320762,288.0776133015752,-9495.150337915402,-0.4740386314535052,2
2.933333333333333,567.3359470536296,55.23092862099964,-2946.213818119581,-1.0876700637079342,9.148059467485295,0.14044833090344672,-7.505685438501217,-0.46820408301435307,572.7076340090264,52.27271590521559,-11894.765893014497,-0.5182105281213167,2
2.9546666666666668,567.3739322857294,-24.77151863942608,-2855.9258475389433,-1.124740226723132,9.148156058000625,-0.0629879962098629,-7.264680541645828,-0.4943906729524731,571.1905270231291,-187.02326154895127,-9807.792998838471,-0.5563850984420617,2
2.976,567.3141926891547,-113.18121724358237,-3634.8089152979587,-1.1613460333352537,9.148004146620034,-0.28782283775608114,-9.300837179474927,-0.45835947306547936,565.3485372958601,-340.35447677364573,-4137.150065968279,-0.584476577829966,2
2.997333333333333,560.8146999985661,-257.5978042370997,-974.015018266901,-1.194612445690904,9.13138035534488,-0.6626699954863879,-2.810035065735907,-0.3479429652938674,557.6721902169387,-354.4609170765616,2806.2214013230987,-0.6023763343382238,2
3.018666666666667,554.380968384901,-148.0753370767974,3944.976847621206,-1.2037185850633216,9.114733921117082,-0.38534431494108917,10.163297202597144,-0.4256421404362007,551.2251762126355,-229.48665658617392,8530.927347031422,-0.6090862891597638,2
3.04,554.3182110312111,-47.235642561104164,2961.144745744845,-1.1922104690272768,9.114570595077476,-0.12293773850462872,7.696340679536166,-0.46815393804147404,548.5461539076186,-11.82614171365276,11287.675101296212,-0.6028932944560257,2
3.0613333333333332,554.3204953391007,34.49873217474536,2964.7711784919084,-1.1799521045774135,9.114576540314,0.08978767742479843,7.710635185751253,-0.4572649416561949,550.8616895814354,225.49673893675208,10332.075571628753,-0.5849320251379786,2
3.082666666666667,554.3855686399592,116.32046497124905,4042.670819091188,-1.186494422130946,9.1147458925555,0.30270441270614196,10.456856658149139,-0.39081579424387464,557.7454080602693,403.992024440784,5892.2318229535595,-0.5607095687874629,2
3.104,560.8391058548342,348.7708093246608,9687.922261083053,-1.184168098967703,9.131443138010313,0.897173381397119,24.36315401976373,-0.26446557979349083,567.2237073951071,460.70345255499706,-790.0743177151307,-0.5375369693534939,2
3.1253333333333333,573.8752346011902,268.9958240079623,-9320.72215602822,-1.1539213119063199,9.164593306488719,0.6762427055870773,-23.748831233840985,-0.2999155279107311,576.3405858194645,369.9929755721241,-7497.208300969098,-0.5192542970165606,2
3.1466666666666665,580.5454943737763,58.16236525131591,-2447.0925834036075,-1.112838099132329,9.181265317908888,0.14453743371991684,-6.095672101464343,-0.4588169563319603,582.1446465302654,159.33212223416194,-11629.406735317782,-0.5033763596636248,2
3.168,580.5805906948365,-2.3529041590182422,-2114.6862590576743,-1.0824753041496624,9.181352532017698,-0.0058467734132139765,-5.254845209731802,-0.5066883026240898,582.8248340972287,-94.78432560199872,-11411.515058034682,-0.48596042770262154,2
3.1893333333333334,580.5577672144865,-63.68634718068196,-2381.1285189594146,-1.0708387772471442,9.181295816430453,-0.15826155886388774,-5.9345023030797215,-0.4929964157728557,578.4769618488492,-296.7694124067202,-6928.775263010524,-0.46941100733055957,2
3.2106666666666666,573.9125041015906,-216.11371362427482,-3553.7316079050793,-1.071340245825895,9.164686997197567,-0.543264314134282,-9.1379048170273,-0.36802337914241307,571.0670879817758,-373.36651860922575,-72.99841661006212,-0.4626222764148829,2
3.232,567.3285331870032,-213.3121960198635,3194.9483995984647,-1.0778068103379326,9.148040614425554,-0.5424448610582268,7.920677076158309,-0.373998487456953,563.6139437529959,-301.7025862522423,6545.111384252086,-0.4733384565371691,2
3.2533333333333334,560.8344480188073,-64.40237108401875,2225.3843059707524,-1.0987850447031287,9.131431156205243,-0.16566917690706623,5.7055721626794105,-0.4836764488997192,559.0464896612564,-111.43376313848421,10761.660832898575,-0.5025816060742745,2
3.2746666666666666,560.8040182370593,-8.719112052570503,2014.5643017221926,-1.1212422252673395,9.131352876266467,-0.022430330935826748,5.182213858263132,-0.5026810614157631,559.2388717242786,131.71993312845007,11391.626123325084,-0.5456740144074745,2
3.296,560.8339487109716,50.23586267586678,2391.8821667226057,-1.179991999721799,9.131429871781183,0.12922725188771036,6.141327046549136,-0.45596371143440967,564.4710833179271,347.6066140793264,8257.117736165179,-0.5956062025445908,2
3.3173333333333335,567.340347360982,246.69994420815803,8494.004086435814,-1.2373264302004747,9.148070657111141,0.6273355804011532,21.326693890868704,-0.31334302712259215,573.3476106948881,462.85480744950473,2182.206189263612,-0.6446751865696472,2
3.3386666666666667,580.5274044604503,381.3358706066027,-9155.768219013607,-1.2889217106882578,9.181220362543426,0.9476751057920152,-23.3759230181934,-0.2564149099340508,583.1752843967779,432.93888701638207,-4958.304005668964,-0.6834733738178727,2
3.36,587.300306666285,145.46597715643335,-5022.665476203284,-1.2919171175313116,9.197954580931729,0.3573351511646694,-12.42661479767648,-0.38756146518925544,590.8053081159886,262.3221466243267,-10556.946376353968,-0.6998747478340989,2
3.3813333333333335,587.3825459825214,43.61824013540675,-3245.1885530381196,-1.2720171215316984,9.19815658652605,0.10713259896137227,-7.978599976624106,-0.4552284909391493,593.7803992323844,10.372460157610476,-12292.440952750883,-0.6837107841408193,2
3.4026666666666667,587.3830174769898,-53.4356057182085,-3059.9905703288086,-1.243271691344181,9.198157744583032,-0.13124533921271792,-7.527705540707261,-0.46980518293541224,591.3410516736816,-228.66871979134157,-9392.051545891445,-0.6357611226753169,2
3.424,587.3076831064897,-159.41776732924663,-3895.1204189219097,-1.1925986044079124,9.19797270094078,-0.39160261132458757,-9.674484924099685,-0.43179552234916213,584.758200062425,-365.96497186645865,-3106.2592305205762,-0.5704264924256114,2
3.445333333333333,580.5700622826066,-252.48032978341269,1016.48358811172,-1.1399215606808095,9.181326369541582,-0.6274042417351361,2.253076220827013,-0.3626295384387627,576.7943889153329,-355.05329504422843,4047.1886135698296,-0.5077459730469823,2
3.466666666666667,573.9208611129534,-120.2579460260362,3776.380224174134,-1.0885337163366096,9.164708004809325,-0.3022987211561027,9.429542582125354,-0.44619318460182394,570.6087249169096,-205.1291233212687,9566.71141179977,-0.46312707370694733,2
3.488,573.8706065999235,-32.448798336752574,2979.6903637600494,-1.0513699192390762,9.164581671866772,-0.08157539331139743,7.486247663298643,-0.48414809122074076,568.6506664611536,29.568440586328506,11808.847686261404,-0.4443673038839565,2
3.509333333333333,573.8872739223158,46.94613633163733,3023.7769410256487,-1.051883695604193,9.164623572451852,0.11801787764284609,7.591817613276568,-0.4659112470929636,571.9180068020789,270.90379572706297,10172.718065805268,-0.4545407168863121,2
3.530666666666667,573.9464344125576,127.84110816222883,4077.563168386253,-1.0989436471279976,9.164772288324794,0.321346595621192,10.177951297899297,-0.3960314410395581,579.681329442503,438.65553537290543,5063.935889869928,-0.4939830190803945,2
0.6506666666666666,690.395735888552,385.3069240195128,11134.565426305222,-2.2521021731650164,9.431279743759383,0.8051619666910362,22.81814186176269,-0.3292816622593212,693.5413428028887,559.8853796427138,2639.6730076507665,-1.652604698213634,3
0.672,698.4603770593836,534.7711243025143,-5441.346466321453,-2.277755130640222,9.44803446512124,1.1045889994361962,-12.085017477124083,-0.30224641744010994,705.4292409796626,523.6980349291116,-5997.738121077884,-1.68149505344824,3
0.6933333333333334,706.6045472734603,281.10163399699866,-9338.591894860732,-2.296112492351362,9.46475922333355,0.5739333760561074,-19.295196836795565,-0.38705822926906697,714.6587847976367,317.3140524579212,-12770.051926375832,-1.7114836921604355,3
0.7146666666666667,714.775132265763,42.728841682294174,-2931.1332265517085,-2.3127259646670733,9.481345632238984,0.08624347045002556,-5.921325830558327,-0.5657623900424005,718.2575591700027,12.546890946105123,-14869.366927074036,-1.7380761336669577,3
0.736,714.7830395551084,-39.023570525583835,-3035.9771813089656,-2.3360497253227406,9.481361592145129,-0.07876391654463699,-6.1320185712670705,-0.5785597678887904,715.3068389614101,-276.60568915400654,-11360.954375938745,-1.7592558377904033,3
0.7573333333333333,714.7183421270187,-122.7038641929477,-4170.780093589703,-2.3598786231732745,9.481231003032137,-0.24768394195991966,-8.46145282411478,-0.5020391032583549,707.3439911867243,-442.68404240719974,-3757.4399113659747,-1.7731096346295432,3
0.7786666666666666,698.5174933239463,-348.3022707620503,4038.9089841837226,-2.383638147550533,9.448152435997416,-0.7193720466006097,7.983128694736779,-0.375629455410696,697.7106864100832,-429.4848961047828,4895.621029657312,-1.7804476249521974,3
0.8,690.4949756272011,-116.01537686775049,4003.6110874563456,-2.3938337375681016,9.431487106554803,-0.2423983009028202,8.324271912433547,-0.5150399789285006,690.2282906774237,-248.13136914139614,11572.229049169691,-1.7876344997019566,3
0.8213333333333334,690.4338479179326,-34.43424095165411,2674.49262878481,-2.3889388058312147,9.431359382892907,-0.07195201800655632,5.5848936881426985,-0.586482456192974,687.8597546176927,35.76702092401683,14284.39557273098,-1.8026654342291706,3
0.8426666666666667,690.4436320702137,38.14250249159522,2590.5452184155242,-2.4100582648152233,9.431379827209192,0.07969948108106148,5.408590402889288,-0.5694349169213753,691.8120438836984,327.69471565587446,12305.275929161813,-1.8268345758359708,3
0.864,698.4324175351843,260.9191930178357,9377.412017963543,-2.4369121312498936,9.447976712562031,0.5389595562703372,19.168813740697857,-0.38073815933828437,701.202830743569,530.6130929244682,6125.514144078363,-1.8513480903175892,3
0.8853333333333333,706.5767999484494,491.871385602163,8822.470456047944,-2.4633261033879035,9.464702569701268,1.0043075413956364,17.314670159373147,-0.29660203163229343,713.2870377218791,571.5065792296082,-2479.0455456827767,-1.8629971050469194,3
0.9066666666666666,723.0130149868774,261.7974529876661,-9409.808411144304,-2.4661536747490547,9.497877807197348,0.522388780441971,-18.965417908709515,-0.3787229263195081,724.2617476309737,428.40051424782723,-10570.602944122162,-1.854325883885253,3
0.928,723.1349363610981,128.7701120171031,-5407.938266961514,-2.4336464951393357,9.498121067732647,0.25690364644341224,-10.834889640287956,-0.4584809266102163,730.5691888761258,147.24605620931834,-14945.305326945265,-1.827477663219516,3
0.9493333333333334,731.4905502876983,-10.963750776071512,-1351.2660776205419,-2.3888287384291607,9.514695416898386,-0.021623449363713403,-2.665382269733428,-0.6724039915899205,730.2929195006735,-168.69262862484902,-13702.344059945666,-1.789510724127936,3
0.9706666666666667,723.1216906563291,-164.5456412990483,-5149.919857625509,-2.363438692587115,9.498094641561487,-0.32828386116667163,-10.34926985974268,-0.47147204701851503,723.9776591225141,-400.69966769311577,-7375.4704725006595,-1.7475734411373944,3
0.992,714.8362055971673,-361.9649855470449,-1276.1969120981976,-2.3320953153088566,9.481468896779587,-0.7305241194210662,-2.9455518510718193,-0.3643005664442462,714.3996770876943,-465.83623201865703,1398.4044715766795,-1.7090712480706804,3
1.0133333333333334,706.621548739321,-182.70971394573633,4840.834237562175,-2.303806240200116,9.46479393530293,-0.3730347577172419,9.786979305627405,-0.4741583607528821,705.4254419810269,-347.0593334687874,9353.621659801109,-1.6848216419151734,3
1.0346666666666666,706.537413426554,-90.07455006623067,3826.15491364835,-2.282905354837008,9.464622147695328,-0.1839253013660319,7.78926582831153,-0.557686618529754,700.5785891539946,-90.8827064614743,13959.190931172692,-1.6882947033436557,3
1.056,706.4947091608939,14.415863773069765,3573.944877690077,-2.3017451375049873,9.46453494623497,0.029437864014919664,7.297560919231803,-0.5706584614742282,701.907174386429,215.38780890218914,13944.861989469966,-1.7272241110426165,3
1.0773333333333333,706.5673906498341,118.65758638889594,4659.778784985713,-2.357297255815984,9.464683357580466,0.2422793829894591,9.47381884092437,-0.5060013615663665,709.40396146935,470.82134202774614,9292.761499063112,-1.7951271875698296,3
1.0986666666666667,714.7741304082093,417.11788696470273,12739.094407356186,-2.4341784949150966,9.481343610098213,0.841907787913904,25.221189131592944,-0.34436692352269116,720.9989922434337,587.4799250662327,1255.2883028988726,-1.8724729111234708,3
1.12,723.1310735393301,633.2911936962503,-8150.0543590164725,-2.512275075990735,9.498113361164464,1.2634584489813663,-17.366395354308537,-0.28103179065107664,733.1320823534833,518.2558122472838,-7613.657327369321,-1.9373565450461836,3
1.1413333333333333,739.9292316668868,133.6682271356547,-4562.0144572250965,-2.5474565645252008,9.531243484833249,0.2606228814323226,-8.941980326293068,-0.5135558408037196,741.8956450392452,280.4722457425669,-13993.796227501472,-1.9751549636898549,3
1.1626666666666667,740.0033834016509,28.087255204344203,-2990.20003806436,-2.5608191240695692,9.531388056740129,0.05475832233255666,-5.831709521810452,-0.6069373298540068,744.4911222609896,-41.46497605461627,-15198.616884650488,-1.980054592232982,3
1.184,739.9921166318289,-69.48030213498733,-3292.6533333732905,-2.5506510486460705,9.531366091115302,-0.13545939892692846,-6.432104191937955,-0.6016922375146785,740.3915649530982,-326.69168926775455,-10683.659238741733,-1.952734138448504,3
1.2053333333333334,731.5365935880257,-277.2761633363157,-5615.927743884574,-2.5193715501358085,9.514786223745475,-0.5468283463988954,-11.282680380353224,-0.43342966451613324,731.575962455943,-470.05030632112175,-2382.521118969191,-1.8993260030407426,3
1.2266666666666666,723.1283394765632,-351.37485908646175,5797.5263755234355,-2.4640110014771452,9.498107906515374,-0.7010190847506211,11.225866317375266,-0.39631701791201185,721.6952168995139,-424.70716128498316,6442.433506251313,-1.8323030470788202,3
1.248,714.8314554392736,-100.55703457908744,3303.161180902824,-2.4035898286773825,9.481459309895273,-0.2029473297654481,6.637993385968982,-0.5720430018895277,714.6499745749932,-213.11982608493418,12785.86587867071,-1.7702940935637068,3
1.2693333333333334,714.7777882886364,-13.951182812444632,2198.2622775262635,-2.347818366239241,9.48135099311926,-0.028158824445621344,4.436384691031126,-0.6271223976692402,713.2572301396841,89.76034512929618,14804.834811018663,-1.7320302219743535,3
1.2906666666666666,714.8118483725327,59.35332920900263,2590.1624979062326,-2.333468923036857,9.481419737761609,0.11979201786461116,5.2177430246080405,-0.5811718881080897,718.4154491764309,383.65724303759634,11957.67509937426,-1.7264409191746186,3
1.312,723.1000505365874,284.09402489047767,9512.176411970671,-2.345100303644162,9.498051466863515,0.5668109697289251,18.755554114267728,-0.3942236259357059,728.8560289392951,570.1706431228667,4967.893593013752,-1.7488516150532885,3
1.3333333333333333,731.5367020532173,514.3684240796632,7114.206104916846,-2.3841901488205437,9.514786437654367,1.0144081254252877,13.316967325404573,-0.30747120108867126,741.4764366861037,580.5590106109157,-4098.726823926438,-1.7876015659397724,3
1.3546666666666667,748.5386303775745,288.56068564670784,-9356.43480494098,-2.4113990744158196,9.54793296219206,0.5561570950159697,-18.24751136660047,-0.40604317676839347,752.2731501380781,403.1232269462198,-12059.885183350649,-1.832890818115511,3
1.376,757.2322791865608,55.233681721446196,-2007.9067209430887,-2.443625688685391,9.56459210111982,0.10523238496273556,-3.8331823942424834,-0.6119936541012223,757.7483577502105,97.12999793794006,-15700.71667805477,-1.8785839271544515,3
1.3973333333333333,757.2775578871622,-17.161544742138524,-1909.6259203930185,-2.4833064277106325,9.564678364484026,-0.032694585011281294,-3.6387833049954446,-0.6535337915841474,756.3077713040745,-224.0243168314919,-13423.305334524484,-1.9190611069043526,3
1.4186666666666667,748.6336748134006,-205.31860670296405,-6275.2051071494325,-2.5254850387887924,9.548116134343909,-0.3956703333795792,-12.201489296464743,-0.47025088893103456,748.9491771550286,-440.0190670695156,-6212.959874422289,-1.9475709095843026,3
1.44,740.0441627896886,-368.0745551269207,561.5676772244487,-2.554720192300344,9.531467557187339,-0.7175508733928478,0.737873105426309,-0.3871927346398898,738.8383425376607,-475.01929231826216,2968.4291593739763,-1.9584907473719007,3
1.4613333333333334,731.536606492121,-175.44104953298154,5170.885167232033,-2.5548003668788857,9.5147862491942,-0.3459948960630907,10.11474834534242,-0.5084017553331105,730.0247284219441,-323.3184383986518,10785.007126630284,-1.9518570451309818,3
1.4826666666666666,731.4574571195814,-65.84532425944622,3767.1748879697097,-2.530429138988683,9.514630146841903,-0.12987046867894428,7.4185219018504425,-0.5882725814743544,725.9733195883765,-42.10326678864658,14816.272649915685,-1.934748272319249,3
1.504,731.4485509908201,36.52918772973773,3525.751971404658,-2.5133452455918452,9.514612580671928,0.07204946665627615,6.950527100190369,-0.5892907314295608,728.4774841561492,273.83851997740567,13967.184573394945,-1.9156091749069286,3
1.5253333333333334,731.5249433581189,148.21753773579664,5229.836578143967,-2.5101128056530064,9.514763247638882,0.2923108891989272,10.2549253635294,-0.5010624008245786,737.1580546253062,520.1954165594652,8432.453596965875,-1.8973684894189768,3
1.5466666666666666,740.0458904250182,503.8218681451767,16627.53614440847,-2.5047963698267233,9.531470925159331,0.9821841051600375,31.74616386765308,-0.32310566934342094,749.5539017851629,610.8350318679586,-260.0171472877264,-1.8780767709650976,3
1.568,757.254351050477,446.0967273759179,-13949.12631752756,-2.4716133275151955,9.56463415229146,0.8498881986603902,-27.07606457281595,-0.34938714782463204,761.818089608675,506.69216362107545,-9266.743250191677,-1.8570221069785746,3
1.5893333333333333,766.0633447058109,135.4865368119245,-4816.580280001966,-2.439089071872092,9.581319881291146,0.25515612529515774,-9.115991193191507,-0.5351321437591164,769.9856828338714,237.9929705252871,-15135.564364494989,-1.837290087129139,3
1.6106666666666667,766.135935932827,17.30342079852873,-3269.8649988874035,-2.4234758506069647,9.581456582834646,0.03258372072843362,-6.158152368035978,-0.6129771166651787,771.4838416797322,-98.34950361493975,-15361.02635599859,-1.8231754207349689,3
1.632,766.0993514017027,-95.6236006693862,-3580.587906245297,-2.412620162049334,9.581387689601247,-0.18007546178606962,-6.765331246361572,-0.5992113303829532,766.2144210970283,-375.84055533912033,-9829.324627296068,-1.8174294338629338,3
1.6533333333333333,757.3385082924955,-320.7630618150314,-5140.545022717072,-2.420052364681146,9.5647944768765,-0.6110388861966857,-10.051301277321157,-0.4262453714681116,756.6029949341332,-493.222165254876,-887.7367582172155,-1.8210757188487519,3
1.6746666666666667,748.6340907422784,-318.35741085236543,7021.735639319407,-2.433894617193968,9.548116935881941,-0.6135075379903746,13.270713472446618,-0.4115566100014159,746.5851535122359,-414.09260044805706,8021.458888426889,-1.8353685401237572,3
1.696,740.0495336251729,-88.95749906978111,2945.983766872255,-2.4549297143651567,9.53147802744032,-0.17341885499094153,5.722224082258926,-0.6047912932892564,740.102152036448,-172.526432313025,13945.243041964015,-1.863071176714124,3
1.7173333333333334,739.9856472744435,-12.86532945492118,1872.9851285813634,-2.4790030603080035,9.531353478344968,-0.02508257703697562,3.651183872278414,-0.6617160694150941,739.7862302018121,147.39473560638726,15201.246779413894,-1.9051370620377883,3
1.7386666666666666,740.0388426110932,54.030285713429954,2306.5210954409667,-2.5329639115706333,9.531457185613247,0.1053312620477453,4.488839337398411,-0.598113814035556,746.1960580164128,440.11624110117555,11445.65853662882,-1.9548255899307017,3
1.76,748.6345708576662,291.07124104371786,10708.206306658685,-2.5828680596718954,9.548117861113473,0.5609239171497016,20.417715010442222,-0.389794152293386,757.659152963694,606.7045681327581,3654.623055826407,-1.997882516472953,3
1.7813333333333334,766.0432578662636,569.1264779071552,-9216.474858470257,-2.612056550344235,9.581282052090808,1.0718401851121035,-18.153772726830624,-0.3082613669303587,770.7201074868578,583.9243058338761,-5802.116626874078,-2.0207014264121006,3
1.8026666666666666,774.9839317779264,275.5971322412306,-9524.399487570416,-2.612025521261579,9.598022588181447,0.5130462705923267,-17.912884925494826,-0.42181995262755256,781.2068741616187,371.58318976312876,-13515.608182178345,-2.0175634166010368,3
1.824,783.9670847843498,59.1821264484975,-3286.9676024526116,-2.5875396205480095,9.614649273177392,0.10890987899064326,-6.057062177753535,-0.6421465163517313,785.7328303185016,42.69454018957913,-16314.381983132946,-1.990961382178541,3
1.8453333333333333,783.9747852792389,-23.779129654079398,-2024.0788662879925,-2.5540293309568867,9.614663443939715,-0.043759101788429074,-3.726100827434575,-0.7061967265048648,783.0728942136238,-280.03857606928796,-12958.490565420361,-1.9480152397297126,3
1.8666666666666667,775.0213073086023,-259.8380566059036,-6480.315236792174,-2.514843275354355,9.598092164065976,-0.48368615438632867,-12.22521063167036,-0.4698206565242401,774.6974571579617,-476.29294432140887,-4898.011498154141,-1.8973521273346554,3
1.888,766.1220948285512,-402.3326713972359,3167.6111696581825,-2.4716822048479967,9.581430518696493,-0.7576381802985297,5.5670948034109005,-0.39654375744959086,764.1478114659342,-478.72250212635845,4609.722571448423,-1.848193677113383,3
1.9093333333333333,757.3246567404663,-157.50086758123825,5179.908987654698,-2.4309006327481364,9.564768090065382,-0.30003739951257336,9.805270159796677,-0.5228540525238948,755.6209511706851,-293.55816259235144,12196.401955544949,-1.8109307105433134,3
1.9306666666666668,757.2574035853735,-47.61681289732017,3588.8175820617025,-2.395041588614999,9.564639967864622,-0.09071755456552175,6.831560342598956,-0.6009404851422424,752.4824903740683,11.389741350896657,15573.92167300159,-1.7958249540841336,3
1.952,757.2636893577362,49.83389462490482,3535.6183942336365,-2.3959800412518657,9.564651943204758,0.09494065759908588,6.729608104453601,-0.5885259308068769,756.2353736701294,334.23366807214916,13834.450375289889,-1.807924033852607,3
1.9733333333333334,757.3454760148994,162.52530960789198,5756.975710265453,-2.4356470125675767,9.564807750006292,0.3096003945571021,10.900233340240698,-0.47920985686505324,766.1038439037957,567.9577486142516,7402.504049242474,-1.8433499733858065,3
1.9946666666666666,774.9351376015006,561.0484166476058,7859.77751753595,-2.4718442563298906,9.59793175103031,1.0445026030195828,13.876316860161461,-0.31809160948291937,779.229767280172,629.3344066059217,-1898.7110238531604,-1.892312567908554,3
2.016,783.9914125591644,478.30425677590915,-14085.045001912678,-2.5175933511389506,9.614694041658373,0.8801718593245569,-26.456175654094096,-0.351901643996755,791.5004786765686,488.6819942230359,-10938.05042466661,-1.944674317551115,3
2.037333333333333,793.1030033228299,137.23001484044653,-4959.618686250713,-2.5558277550815753,9.631364436199368,0.24962843545158475,-9.064993786600638,-0.543653640992476,798.9399193619911,190.0057962834835,-16173.579392934917,-1.9917939148070853,3
2.058666666666667,802.2809740673316,-15.381604653488894,-1974.79933223724,-2.5912416910190625,9.64796377421414,-0.027659841716052774,-3.551696660178327,-0.5967576174787733,799.2540211419872,-157.58276595640928,-15342.928228921955,-2.0257455571135017,3
2.08,793.1221001973024,-129.18179066473255,-4305.275617398854,-2.6216927987630387,9.631399173975284,-0.2349826448144658,-7.869601994650097,-0.5816462023608092,792.807021602408,-423.37538792937994,-8797.365814436693,-2.0396446152545544,3
2.1013333333333333,784.034833657035,-391.8564366785335,-4237.551182600602,-2.630047584576889,9.614773942620152,-0.7210513024014896,-8.157855233088245,-0.40171557495746424,782.4703990017874,-511.6291018417105,717.2457352271304,-2.029979737693024,3
2.1226666666666665,775.0197720885259,-264.72361899779173,6883.709903106864,-2.610187639607108,9.598089306265082,-0.4927815600176322,12.64566863342914,-0.44990817198989846,772.4353199711773,-397.3367139613256,9618.247557444964,-1.9994969690545499,3
2.144,766.1378750821538,-65.53623202061635,3286.058907773013,-2.577374919227269,9.581460234402789,-0.1234096368418715,6.1773386248682565,-0.5718714215503343,766.6427221492008,-126.37114059273154,15034.827332965331,-1.957719014876898,3
2.1653333333333333,766.0886159682389,0.10298818879293763,2267.285493839716,-2.533273852318653,9.58136747281721,0.00019394694836173811,4.269743016783596,-0.6186865178004796,767.5007490710285,208.32906427048147,15459.534186851,-1.916565660082555,3
2.1866666666666665,774.950179846866,166.7615201338548,6443.310665993989,-2.4908528713544413,9.597959754873626,0.3104535289684794,11.928457961183312,-0.4823546172425718,775.1976959568855,496.4787758337334,10760.576209068764,-1.8839414184308472,3
2.208,783.954586903024,518.5758066586435,14302.757457409363,-2.4743815804333513,9.614626273774123,0.9543240859740838,25.68978893497518,-0.3354418124527095,787.6421355077797,639.5439210524783,2187.849137935322,-1.862172547301947,3
2.2293333333333334,793.1146886922603,563.2707081431099,-9759.63178478308,-2.4619711732763334,9.631385692329108,1.0246032117448154,-18.480683263629857,-0.3208895629991602,801.0351589741333,581.1177064199001,-7574.12629387388,-1.8515799950800356,3
2.2506666666666666,802.3585201639447,271.4646756457441,-9325.413635313564,-2.449028951687314,9.648103214093956,0.488111899466865,-16.9328707839941,-0.4389392106626058,811.0738539896673,333.71266595926136,-14915.374981221044,-1.8529451765768226,3
2.272,811.6318936113195,38.750912121213645,-2628.742121600472,-2.456579677006022,9.664681747637685,0.06888067015016973,-4.675940461775667,-0.6708860389407307,814.5371143197643,-15.671733426861465,-16767.8329926226,-1.866726265862703,3
2.2933333333333334,811.6321415654555,-56.63349524897642,-2809.515877146978,-2.4762943399568105,9.664682188382006,-0.10066735724181239,-5.001004223080646,-0.6742520840814921,810.6144455800461,-336.0760921193287,-12301.719842463732,-1.8915737466632019,3
2.3146666666666667,802.3617025707769,-299.0194790693269,-7136.7686857648,-2.5048910079185656,9.648108936265945,-0.5376551724743687,-13.032713459543917,-0.46940013186932794,801.2631240201725,-508.8685122989118,-3436.7916639852338,-1.9239233821735091,3
2.336,793.143122031779,-409.4552737221914,4917.585760215139,-2.540864019858605,9.6314374123429,-0.7447824692113642,8.56039886246671,-0.4195322436122252,790.3805811352541,-476.51086119934916,6308.999067181256,-1.958911658257523,3
2.3573333333333335,784.0365198621711,-155.26574996460707,4972.366801236903,-2.574259247121461,9.61477704538685,-0.2857024154094537,9.093006441949193,-0.5675200002173366,782.2726155584053,-257.6585850873962,13572.134625186212,-1.9919441451198356,3
2.3786666666666667,783.974165198891,-36.626882468364144,3257.270392749352,-2.5939622914890466,9.614662302847918,-0.06740199364468372,5.990987109075241,-0.6422566299402347,780.1635802367854,69.3813538281247,16216.814490015386,-2.019053774250083,3
2.4,783.9917994836394,60.20311883400722,3538.498406728782,-2.6166723806141197,9.614694753673676,0.11078526719932061,6.50300741453259,-0.6103841971190184,785.2304391009578,396.06173303257674,13534.895718080923,-2.0354748743481554,3
2.421333333333333,793.0709891731298,330.21552002299757,12371.366737709655,-2.6290994376139896,9.631306199643687,0.6007032153054197,22.254940803335618,-0.3973450453365241,796.2778929220176,613.4292911337689,6199.924467140809,-2.0358925953339195,3
2.4426666666666668,802.3283310060032,626.1767755209193,7678.846648082626,-2.6287676256265913,9.648048930919112,1.1259506786095437,12.928858938088174,-0.3112366816620956,810.0489343903315,642.3709853840992,-3650.7294662250206,-2.0180777142301327,3
2.464,820.9895554173976,282.9732817349218,-10094.873844589814,-2.6316636634049426,9.681220058009993,0.497258640587081,-17.910745936239714,-0.4260832195516649,822.1918779169408,463.9605060312897,-12606.655128284823,-1.9854100664647798,3
2.485333333333333,821.1216644129817,131.48693963200137,-5612.09991341935,-2.590203515067281,9.681452189659659,0.23102003511789926,-9.897345525872502,-0.5302836136764386,828.7703980831616,136.72416944149882,-17085.956878984813,-1.9452598092311015,3
2.506666666666667,830.5922173843383,-24.908610397369813,-2683.6843915170866,-2.5657607831204214,9.697996543606271,-0.04326494752008052,-4.662716254277634,-0.6109698472699775,827.8226502882103,-218.57507800031453,-15132.305748782586,-1.9056906207996063,3
2.528,821.0897393256796,-186.930536621671,-5366.70393554525,-2.5131473782087608,9.681396096802148,-0.3284461432879132,-9.504337216484414,-0.5371048130597758,820.2046316976725,-468.5961874127388,-7589.3101449962705,-1.8733195030743852,3
2.5493333333333332,811.6739740312182,-405.87089346581104,-1744.1442270771845,-2.469005330860477,9.664756544648316,-0.7214077868434615,-3.46083124489917,-0.41323637467585944,809.2271799363307,-524.7175348410383,2421.205021438189,-1.852960494353931,3
2.570666666666667,802.3467916600723,-242.499763575979,6237.30239643359,-2.449541448353425,9.64808212529435,-0.43603739675204206,11.083469595282573,-0.4987191592103233,799.3035729936527,-374.17783331591636,11217.433685453143,-1.8483795235227458,3
2.592,802.2411998602034,-107.65606152268555,4615.347264899707,-2.4450752587803417,9.647892248806361,-0.19360120884776344,8.273940890292515,-0.5673869700425099,794.3315275607121,-74.73180618230253,16038.571933264844,-1.8624750963928698,3
2.6133333333333333,793.1238052015724,10.396400722751192,2187.1634433593285,-2.477786270128429,9.631402275387488,0.01891109013175519,3.978210243324018,-0.6494414608162935,796.4554084310553,272.1587677728385,15565.670125167351,-1.8952421110542697,3
2.6346666666666665,802.3035796208343,187.20899598890887,6864.53267137239,-2.510006960892384,9.648004423888677,0.33663752348037895,12.265189786236277,-0.499006813472785,805.4635533509892,552.1009383108467,9894.954197123181,-1.941301573929318,3
2.656,811.6369799937995,524.0718958235241,15289.39282061504,-2.572692831517979,9.664690788775477,0.9315444512886187,26.57559409631472,-0.3467656597098425,818.8335505483852,668.0051187202334,572.0597896729596,-1.9908383804102807,3
2.6773333333333333,821.1275177929973,648.8832802142775,-13046.150300356336,-2.6495350407150338,9.681462473899606,1.140067371018126,-23.82259341273105,-0.31921793088539574,832.4376424033609,571.6957662375644,-9397.211456660181,-2.0332325050365294,3
2.6986666666666665,840.1971362279593,138.0457194725798,-5031.286583122406,-2.718739624682424,9.714584058249997,0.23703707893263407,-8.67812307668536,-0.5538914815967166,841.8853216880306,289.5243957163766,-16235.798193122027,-2.059831368409897,3
2.72,840.2723297866006,30.10968586821243,-3593.724200116642,-2.7315295602620475,9.71471316666455,0.05169644762172113,-6.172052157122014,-0.6552962448496665,844.1777980784753,-77.50095899682492,-17043.656878197973,-2.0653510217680453,3
2.7413333333333334,840.2532544585536,-83.6864476000368,-3662.94170763426,-2.7245153883766764,9.714680415147482,-0.14368765881184994,-6.303495426283393,-0.6479529434024505,838.96200550484,-391.4348429432139,-11448.942974195816,-2.0488330338520013,3
2.7626666666666666,830.6402623210137,-352.95458252776217,-7128.705946212427,-2.6811734812912453,9.698079992723414,-0.6130281049090858,-12.641958585128233,-0.48243679392807814,828.6906512648421,-537.0948138451204,-1837.3465463495813,-2.013959134063248,3
2.784,821.0906967435238,-443.7195210831834,7523.857596162978,-2.6168870246458034,9.681397779031391,-0.7796361049409049,12.798454939160084,-0.43680856651794897,817.5925846328312,-467.9836722621694,8051.802892249543,-1.9683974915928073,3
2.8053333333333335,811.6724822096903,-125.8208245191746,4652.88242893515,-2.547537734610838,9.664753893035025,-0.22363833141195355,8.235528730275323,-0.6174571200736914,810.0407069369289,-215.55337088368833,14895.850924796658,-1.922261793988489,3
2.8266666666666667,811.6249737503994,-16.12046437986329,3010.2049720994937,-2.5021764829262456,9.664669447367489,-0.028654754067250023,5.350187583927642,-0.690722763252311,809.0752792646291,131.59281621593982,16729.393724331632,-1.8854012249039718,3
2.848,811.6645411901266,81.87974713195028,3298.0861755252276,-2.4798644920630206,9.664739778320238,0.14553734842635743,5.84750936835064,-0.640082976128219,815.5121314374892,458.7510297317058,13057.42832088843,-1.8641098012856812,3
2.8693333333333335,821.0827093605194,384.00824804651927,13345.573621918938,-2.496625555387861,9.681383744754855,0.6747271484362973,23.133469838591502,-0.41330501967692385,827.7155852756046,655.8987574465573,4823.677182204556,-1.8600239675512165,3
2.8906666666666667,830.6709717271647,633.1677093408372,7497.04658648838,-2.5351564478699298,9.698133329277168,1.0996747754622158,12.182529205275795,-0.3339380261642851,842.0323998558762,649.3566578608006,-5503.360619761981,-1.871989170157951,3
2.912,849.9757303664574,307.9012561398542,-10236.23618680978,-2.5882148099233047,9.731277837872323,0.5226121163776465,-17.563654558405894,-0.42900000275930644,853.9045412934745,432.3322515524924,-14249.839397130068,-1.897797862534433,3
2.933333333333333,859.8472011758668,45.31627407797194,-2855.5944342741227,-2.6332234754265125,9.747936498785435,0.07603393230151756,-4.795267691741286,-0.6092757494350145,859.4905312316,78.44823727663606,-17851.06055441097,-1.9340824171664066,3
2.9546666666666668,859.8944847987067,-18.93708168691949,-3072.6607683638867,-2.6708818071458102,9.748015831453545,-0.03177184447813201,-5.155881561334496,-0.6403052622466603,857.2137341159125,-280.67501265276223,-14719.037627783371,-1.9755770545481266,3
2.976,850.0536632963833,-241.70448152435674,-7220.4644005365,-2.693616628968757,9.73141011023423,-0.4102162862325626,-12.371076971265776,-0.48892036833083824,848.446372628182,-510.78671328537166,-6208.824707187712,-2.0151098772608607,3
2.997333333333333,840.2951139276599,-471.7712726864116,2051.4634729246213,-2.7086136533251706,9.714752285079514,-0.809979808590384,3.067387791601648,-0.38738104433282894,836.9261007879147,-531.9569424744695,4211.434559903108,-2.044895857650101,3
3.018666666666667,830.6374904085555,-210.31405257513893,6087.134433752551,-2.7020440001380464,9.698075178327567,-0.36528454853413206,10.479967841052192,-0.539243221519355,827.2507495923537,-344.4019193518907,12802.78250949434,-2.0589330041245346,3
3.04,830.5363100927063,-73.77988797778559,4363.181201498788,-2.6978199381529313,9.697899432309844,-0.12816041539594247,7.567741644082454,-0.6107512807930545,823.2302089754917,-17.748072873800993,16939.969545209562,-2.0550925417508084,3
3.0613333333333332,830.5344288722596,63.63152308321018,4471.6749150702035,-2.6872967650757893,9.697896164505114,0.11053230258137604,7.759136360459497,-0.6017992039801596,826.7052473165086,338.4140535769984,15505.854293685174,-2.035121514389986,3
3.082666666666667,830.6429554823408,210.18159883030575,7143.757891128695,-2.6738456450686146,9.698084670324981,0.3650520940643097,12.315203280229897,-0.5118820831003827,837.0359824086978,606.2907128883526,8842.76228585653,-2.0031321548783825,3
3.104,840.3277373815224,588.7879483998363,20474.042320454504,-2.6772784130773624,9.714808294903579,1.0108454303061645,34.442068764500085,-0.33314248626725884,851.260532679567,691.4003440197557,-1185.7033912078477,-1.964727784094651,3
3.1253333333333333,859.8916154371532,470.0555848584895,-17148.36625610541,-2.654877756109243,9.748011017350578,0.7886422533295044,-29.202015930691545,-0.36726740267743385,864.9426808033362,555.2666670428589,-11251.429466517176,-1.9265792311370928,3
3.1466666666666665,869.8931269647342,143.80340640118453,-5844.349361365615,-2.568592984991698,9.764694355484353,0.2384941952603102,-9.732126690194331,-0.535602609268892,873.653120349438,239.11755710747093,-17452.823007504456,-1.8952699866339704,3
3.168,879.9210243184787,-4.835422182789453,-2701.3857972937126,-2.4908136968427654,9.781230232914355,-0.007928029233212097,-4.429163664626047,-0.6028515764341781,874.6739113055042,-142.24750208761543,-17125.822249824647,-1.8759006711196697,3
3.1893333333333334,869.9163974064778,-120.71690401053222,-5047.02398757341,-2.509112762888315,9.764732948388271,-0.20020047821455972,-8.397915112086022,-0.5785052183596405,868.1488454489034,-445.3764622230083,-10398.354012506548,-1.8713121645820308,3
3.2106666666666666,859.9619141187794,-412.1342278168381,-7746.533142465903,-2.577745835725512,9.748128957114258,-0.6914073715243971,-13.327145544150975,-0.4336770261786607,857.028483071702,-560.3295091027394,-109.55231823027134,-1.882077972243939,3
3.232,850.0482863021789,-429.2423025814806,9872.878333597308,-2.598875452473944,9.731400984472241,-0.7285065463374426,16.388300533357192,-0.4294576851392465,845.8431827332071,-452.77991899009794,9822.570757954381,-1.9069654951291841,3
3.2533333333333334,840.3034808061047,-115.20242230249669,4661.445458901085,-2.6034106918319355,9.714766650025526,-0.19778802200696613,7.975997649401453,-0.5614567488915161,838.9885795979129,-167.2341323737055,16150.554042289848,-1.9432294813340079,3
3.2746666666666666,840.2561636522369,-14.183713657860865,3756.711667777721,-2.637945909020452,9.714685410155846,-0.024353017854271894,6.449752005822431,-0.6091173014286696,839.2772968276606,197.67858602944762,17095.9739517211,-1.9860510726351221,3
3.296,840.3090554344161,81.42366475856518,3940.1335195510505,-2.6868067632168167,9.714776220927142,0.13979323035791758,6.751121596612693,-0.5513750383745236,847.1295342610283,521.6703526424244,12391.862947511487,-2.0277766769278585,3
3.3173333333333335,850.0780994171739,417.33893417912617,17397.92241309498,-2.7548315573285422,9.731451582161357,0.7082794052957188,29.178852898389138,-0.38019422600839226,860.450975739484,694.6289881849661,3274.9442160176113,-2.0591027514869107,3
3.3386666666666667,869.8894040302968,662.8795814961967,-17075.54154036721,-2.7180315849229335,9.76468818108157,1.0993731852581654,-29.157213572462332,-0.33002711179569527,875.1998493168788,649.7326941285282,-7441.17082468234,-2.0723952269729913,3
3.36,880.0265985405458,305.35611765699394,-11098.4321176259,-2.559006603437276,9.781403319209454,0.500593683622115,-18.36820881130605,-0.46847540337090426,886.6506014114996,393.6797551959753,-15843.32896585064,-2.06459808445902,3
3.3813333333333335,890.2093589740854,36.31602607052247,-3010.261475268663,-2.502058616732721,9.798000858026741,0.05885463929194915,-4.880904278260435,-0.6474644872056797,891.1154670641428,15.56646142154932,-18447.87108714557,-2.0379469329657818,3
3.4026666666666667,890.2104721006029,-48.517781479540794,-3015.9339535068893,-2.4693268516909193,9.798002661985649,-0.07862900395936658,-4.891975549252966,-0.6629066491361079,887.4546181342769,-343.17440134938806,-14095.113979635295,-1.9986394664031386,3
3.424,880.0397301002218,-309.84019518656095,-8180.945700698943,-2.4490403771629654,9.781424846620911,-0.5079371962136454,-13.590283191914029,-0.5096888210143148,877.575408756934,-549.2216436509043,-4661.716092372313,-1.954646957270875,3
3.445333333333333,879.8919070573214,-493.6818383164593,-8772.395747823872,-2.574451969083069,9.78118249223973,-0.8094543593406455,-14.837623409807062,-0.40043622548998387,865.6237254424867,-532.8459532428533,6073.8151352945715,-1.9139435952511892,3
3.466666666666667,859.939297325875,-203.37401723563912,6207.90164287502,-2.606684443787006,9.74809101408038,-0.3411946483012467,10.334123368768765,-0.5660604544509256,856.340595062665,-307.8473704624921,14357.234632578678,-1.8835537164586977,3
3.488,859.8424185516728,-49.19365504179784,4002.386811060007,-2.5910282249900303,9.74792847423481,-0.0825400569229291,6.710721676964471,-0.6414850653849222,853.4020403754513,44.37481394968927,17722.11887126483,-1.8687935210159958,3
3.509333333333333,859.8671928109087,81.28573253256947,4446.514107700987,-2.586569239571751,9.74797004136999,0.136382134590351,7.447519784740476,-0.6154962444813525,858.3054988219161,406.55865833722055,15266.698636136483,-1.87215881515179,3
3.530666666666667,860.0000863204417,215.17891396186343,7463.911544274349,-2.5782351191455013,9.748192994396515,0.360973861531663,12.430782713993988,-0.4934226786284111,869.9562991676912,658.3119496526197,7599.697798502166,-1.8926953968503877,3
0.6506666666666666,921.5695179329188,578.487627115864,16611.705412045627,-2.8546611150856127,9.847949188397081,0.9056085456555111,25.436758946383474,-0.37892995512251715,925.367707015347,747.0352781806141,3522.02240936365,-2.3001871508868703,4
0.672,932.3388069678654,753.5718461407745,-13444.094109285537,-2.8636803506611948,9.864710507646578,1.1660722017101532,-21.745793407895462,-0.3451657415658988,941.229309486823,698.7517828308046,-8002.5700237615965,-2.2836767741890585,4
0.6933333333333334,943.2139478981618,377.4989045218911,-12749.458209659228,-2.8786944719823007,9.881441242289522,0.5774043086495477,-19.73205513823397,-0.4692373437693842,953.5439636718495,423.3809277182445,-17038.62904943712,-2.283038229047489,4
0.7146666666666667,954.1257739252254,57.92113699930796,-4040.7464944446333,-2.8816721227807665,9.898035646213032,0.08758021153519392,-6.115166190775969,-0.6646239865452785,958.3456811521128,16.7408732380718,-19839.670876043238,-2.2987318776617314,4
0.736,954.1341331188245,-53.83229359403213,-4071.9993018704595,-2.903473937539802,9.898048285756635,-0.08139692346392237,-6.161644131917078,-0.6804972295994334,954.4086394432017,-369.0651970151812,-15158.519988881424,-2.3288057330548764,4
0.7573333333333333,954.0406301986374,-188.84871398243948,-6261.4589167689255,-2.937170773523797,9.897906898078773,-0.2855759959447405,-9.525072727394107,-0.5766484149521688,943.7840930292939,-590.6576752848923,-5013.41929659294,-2.3686122066971427,4
0.7786666666666666,932.4053230365804,-551.2826711664264,6793.909631143915,-2.9636051809777038,9.864813430509797,-0.8529903853719439,10.007773105136895,-0.4250697238974956,930.9307148642464,-573.0465207761154,6532.054150473326,-2.4113303974073834,4
0.8,921.6892085435186,-180.00716059323372,6135.387226157276,-2.974069091092524,9.848136549018914,-0.2817603108565632,9.548526520661655,-0.5789474186546273,920.9472186329621,-331.0729179792106,15440.416311846813,-2.4490835439405885,4
0.8213333333333334,921.6058992772943,-47.66370353591401,3919.7225860545536,-2.994876984066985,9.84800614139746,-0.07461344244387809,6.132130868511861,-0.6728562639778702,917.7869646620615,47.72267217095941,19059.16426889808,-2.474347872080438,4
0.8426666666666667,921.6170097178275,63.736782906942985,4109.5753938151665,-3.0127374939741727,9.84802353373496,0.09977326769415461,6.4262104011370305,-0.6467335077533704,923.0603645732541,437.23147981707007,16418.494854124263,-2.4815893660632,4
0.864,932.2884312587025,395.0992510900035,14161.625338970569,-3.0378868328329167,9.864632554493992,0.6114070614787227,21.655680257772676,-0.4573153620739455,935.5901596514663,707.9783003665507,8173.0570625523105,-2.4688904499198157,4
0.8853333333333333,943.1693091812988,748.1639795947383,13571.569233758406,-3.048448384928688,9.881372963422839,1.1444100784725602,19.851609938706194,-0.35049019264732245,951.7136900201465,762.5410341480747,-3307.7028729030862,-2.438856732989897,4
0.9066666666666666,954.1953691462002,569.9516046655857,-15664.024634040705,-3.0205590229098247,9.898140874497672,0.8617379419201115,-24.197937161811915,-0.38950631329838686,966.3568576540964,571.5996683789417,-14103.98198291799,-2.3980270158151793,4
0.928,965.2819320339198,190.46976390280048,-7777.00585815288,-2.9694270959034026,9.914806564841877,0.2846730832751212,-11.679561199003468,-0.556169281725547,974.7726536303996,196.4652097756043,-19940.992780018598,-2.3549232067657404,4
0.9493333333333334,976.4223754011576,-15.158104104677024,-3058.947711777615,-2.922882840701165,9.931361545637765,-0.02239657977124052,-4.520039989860659,-0.6938653735501611,974.4040371648726,-225.0806135199964,-18282.55349770398,-2.3176366262050787,4
0.9706666666666667,965.2663140153331,-212.03469692884252,-6887.910009764764,-2.8973688833052536,9.91478322221057,-0.3169088170943633,-10.36434104547529,-0.5684568747310512,965.9778083956915,-534.6394076477736,-9840.829622001387,-2.292043331111989,4
0.992,954.1946980862516,-498.3605339998128,-2236.6655137943408,-2.8866581968372875,9.898139859888682,-0.7534964011205555,-3.775266327650686,-0.44029057831379476,953.1982454101948,-621.5488237878308,1865.8416699622758,-2.2814325175410817,4
1.0133333333333334,943.2205035356953,-325.474899591153,8860.393448373576,-2.8827173108464366,9.881451269444987,-0.4978274134349537,13.380556628680763,-0.5059664831843287,941.2242406171833,-463.0690051019192,12480.20686581824,-2.2870167869852125,4
1.0346666666666666,943.0930983744088,-146.22428028622875,5650.611820960742,-2.884276882728866,9.881256384782686,-0.22368634060637554,8.60933166822962,-0.5888274161472093,934.7572561564365,-121.26158383768052,18625.255208464572,-2.3081785112321263,4
1.056,932.3610197784865,-2.611413599952901,3144.5001571509383,-2.8926711425921043,9.864744879196646,-0.004040788246657003,4.865651967844657,-0.6383149341865865,936.5299404857421,287.3843425652012,18606.13660700852,-2.342147108917282,4
1.0773333333333333,943.1427857431339,219.1169758863433,8300.30730284157,-2.9497239276427147,9.881332391947087,0.335176157061662,12.61884157695373,-0.5277463622113125,946.5326385871538,628.2002799222246,12399.003300816752,-2.383636365750136,4
1.0986666666666667,954.1140892503616,627.0499033757368,18248.29172110267,-3.0007925187173883,9.898017978179986,0.9481484407182874,26.969713446752706,-0.3802388084800233,962.0034784318602,783.8537050709128,1674.8868394661695,-2.425201122918692,4
1.12,965.2699581149168,654.7408212013602,-7894.7552771874225,-3.04132421555545,9.914788668701759,0.9785773688217435,-12.463289400403616,-0.35944247624197323,978.1922318359068,691.4904174087569,-10158.633951098192,-2.4586229405589175,4
1.1413333333333333,987.6990721334791,188.62410814558396,-6672.617569944624,-3.057176807038496,9.947927744468268,0.2755161699463071,-9.799058785017786,-0.552379202598173,989.8851438619366,374.22420684434474,-18671.427832918707,-2.476992052355193,4
1.1626666666666667,987.8026202816864,49.53350045545316,-4709.097119838174,-3.0673946820282594,9.948078985442267,0.07234414446539443,-6.881308452724585,-0.6638071816944195,993.3481974062137,-55.32525236252695,-20278.97745743621,-2.4766038982579075,4
1.184,987.7867222370755,-93.99577465628705,-4890.603748358858,-3.056507200765651,9.94805576601136,-0.13728392466546557,-7.155951506969725,-0.6598946198196621,987.8783029505349,-435.8931771479547,-14254.829021171667,-2.457728880551777,4
1.2053333333333334,976.4927692090619,-440.2453768564458,-8727.645576283332,-3.036783794476072,9.931465550973478,-0.6504296211835104,-13.187685594095733,-0.4949951865436552,976.1159560430199,-627.1715142223984,-3178.9137292662635,-2.4243158885320684,4
1.2266666666666666,965.2612217269863,-485.0295544948276,9462.79668084844,-2.998839116026039,9.914775611214084,-0.7249330204131911,13.778980865588775,-0.4618873302402243,962.932426388965,-566.6717580277473,8595.911381767597,-2.383068289605009,4
1.248,954.1767262867152,-160.0909430534391,5544.323345434366,-2.9584467103536394,9.898112687163565,-0.2420541219164399,8.342288072643298,-0.6660935040611238,953.5322085030905,-284.3582532312721,17059.729054549243,-2.3418760119558297,4
1.2693333333333334,954.1075804120426,-29.678990483396234,4071.0197641393625,-2.914577960606439,9.89800813627439,-0.04487725835958157,6.154345939506307,-0.7414656641865635,951.673918816492,119.76405677013099,19753.567937763873,-2.3079843359455805,4
1.2906666666666666,954.144983445984,95.17882419957606,4299.922370861477,-2.8905582620161616,9.898064691861014,0.14391315790861092,6.487252255037604,-0.6999424374454374,958.5563482085548,511.9003026327118,15954.70334217092,-2.286631402176129,4
1.312,965.2149421685787,426.4114139090093,14420.380508491837,-2.8782828361053325,9.914706439379,0.6373519569048849,21.272398925052574,-0.47187492235262374,972.4868448621888,760.758541806601,6628.484861926176,-2.280561839969026,4
1.3333333333333333,976.4844569146803,736.8295181042172,12247.704157387323,-2.890295666600191,9.931453270127882,1.0886197770195942,17.27377711441807,-0.3725713458391353,989.3258089693107,774.6193734677508,-5468.786370010115,-2.290311721275145,4
1.3546666666666667,999.189933549261,372.6713241022757,-12222.194384743889,-2.894322043364071,9.964615132201263,0.5380869573556109,-17.847886780828564,-0.4779065613285074,1003.7314822201336,537.8730771215633,-16091.078650207724,-2.3147193504056895,4
1.376,1010.7941226552578,75.71217356704955,-4517.538254729023,-2.9178554019343896,9.981273465413997,0.10806313065332374,-6.45592567800634,-0.6643519149350549,1011.0368582673577,129.59712410345674,-20948.911467569415,-2.3509685141878247,4
1.3973333333333333,1010.8485085419661,-22.06493515466877,-4572.509871382458,-2.959031438359746,9.98135108768794,-0.031491338470779,-6.526627990693323,-0.7095346467938488,1009.1147346762382,-298.9077299190685,-17910.241981970146,-2.393863588371953,4
1.4186666666666667,999.3126503921263,-254.61589708446667,-8285.910145245407,-3.008654499420149,9.96479230783494,-0.36758575197773663,-12.055921284559876,-0.5508422615593725,999.2964225233683,-587.101892862469,-8289.732819424476,-2.435488873706467,4
1.44,987.8372902220408,-573.6323623419702,625.5526372858247,-3.0478742871929025,9.94812962032847,-0.8377660700156027,0.4271067330323583,-0.4273759843134512,985.8058931656334,-633.8014566581696,3960.6701675807126,-2.466820743327131,4
1.4613333333333334,976.4742778557751,-257.63320218640996,7700.781291966177,-3.0699152927847457,9.931438231123174,-0.38064099750672103,11.277115507844913,-0.5661440307951102,974.0461992852116,-431.3923677112907,14390.05392976245,-2.4806461097209347,4
1.4826666666666666,976.3533621270017,-96.22635905885689,5762.4906516293,-3.062039752455621,9.931259572731703,-0.14218754848611415,8.500851042392025,-0.6426041561209725,968.640547637469,-56.17690113186836,19768.829047682113,-2.473885930812885,4
1.504,976.3344211448131,61.84361099609609,5744.7026720329595,-3.0451135083795853,9.931231584579876,0.09138412921068198,8.482956610373325,-0.6417233042747106,971.9817659341372,365.3730609631166,18635.920861713123,-2.44827657966141,4
1.5253333333333334,976.4523791343062,205.06758809260927,7450.9780370178105,-3.0242450472187863,9.93140587642439,0.30298455788551604,10.945087522587006,-0.5556508179146746,983.5639443781292,694.0783629063517,11251.12487375876,-2.4093941624953827,4
1.5466666666666666,987.8342756760817,653.9050413670138,20577.973541363343,-2.9905336069683153,9.948125217703478,0.9550038742549429,29.42118860157766,-0.3788402019184408,1000.1032852290602,815.0155988102779,-346.931699664332,-2.3648656546080242,4
1.568,1010.8136411413973,588.4501484380842,-19310.15119846963,-2.9363662013915826,9.981301323659958,0.839872036158288,-28.04956427495265,-0.3988178135110655,1016.4669576797658,676.0614496581256,-12364.288067445625,-2.322815292941268,4
1.5893333333333333,1022.5806833383264,207.01365865877042,-7062.9627174366,-2.8950170413841882,9.997998963388847,0.29206260553278635,-10.023817584247142,-0.594994768570048,1027.36468871349,317.5456109531224,-20194.848703223048,-2.2908043330999797,4
1.6106666666666667,1022.6817531772938,31.818180072454872,-4819.395118287735,-2.8757246821613403,9.998141549448198,0.04488584103317301,-6.8001072683705885,-0.6826221598879995,1029.3636291232085,-131.2242674343288,-20495.67468278343,-2.2745583784037504,4
1.632,1022.631350774846,-143.98511568990142,-5532.872846905937,-2.868026300287576,9.998070445130786,-0.20312951701534512,-7.834197376246668,-0.6578084601748081,1022.3328274377465,-501.47077244427055,-13114.920537920203,-2.2764676010670386,4
1.6533333333333333,1010.926332151578,-551.1906648265269,-8420.298696709913,-2.882307004931092,9.981462154195889,-0.7866053276474444,-12.445508921774543,-0.46939825287840914,1009.5086411339267,-658.088906807825,-1184.4757944340818,-2.2953789316820927,4
1.6746666666666667,999.2983009230311,-414.91156645813123,9077.041269831298,-2.907919495089864,9.964771591539066,-0.5990111849321785,12.855886720709462,-0.502762055707529,996.1421893109399,-552.5091245751828,10702.74915173743,-2.327794692508646,4
1.696,987.8312266367608,-120.50783055639093,4541.198223509561,-2.9442134043475123,9.94812076468863,-0.17599772597178887,6.610800384236687,-0.6537579868001815,987.4921495224222,-230.19592231325805,18606.645025314996,-2.3686815842512083,4
1.7173333333333334,987.762980230036,-9.936277920451655,3397.282728464716,-2.981270822037673,9.948021089611393,-0.014512609975919208,4.96181659124976,-0.7247862110945456,987.0706261817493,196.6635874407366,20282.486418264452,-2.411422539850732,4
1.7386666666666666,987.8182767065309,90.44626435467505,4456.9545282554745,-3.0251291617198506,9.948101851617166,0.1320955282245581,6.497226058333651,-0.6388944708654247,995.6230329397786,587.2315487377346,15271.537749098148,-2.448008476255329,4
1.76,999.3011312926627,409.8048964800147,14705.988992506856,-3.0591004584763866,9.964775677760812,0.5916369684470838,20.988469849041508,-0.48149349769556976,1010.9178354728118,809.5044669993222,4876.234402874485,-2.4704154955953226,4
1.7813333333333334,1022.5481204291987,884.1882780912568,-12387.80779107666,-3.0654720541016705,9.997953021688321,1.2474855887261216,-18.556428419571077,-0.37328819892211834,1028.344605576648,779.1095679700375,-7741.559196264483,-2.4731665941689505,4
1.8026666666666666,1034.485193657436,398.27174434000455,-13868.03236693091,-3.054862690708829,10.01469728105396,0.5554305407253535,-19.55422265779845,-0.5056846403978864,1042.336727794784,495.79031999316067,-18033.398408445064,-2.4558581020834307,4
1.824,1046.4805715858888,58.100475579814976,-4093.9668367673503,-3.0246180773474958,10.031329812178425,0.08009825530278357,-5.6484559390687155,-0.6782914794329102,1048.375551167621,56.9658163394779,-21767.70340092719,-2.423526609372457,4
1.8453333333333333,1046.490138231806,-53.25047563253347,-4176.834399565938,-2.9903327367126304,10.031343000850926,-0.07341129582916094,-5.7619343374569505,-0.7009422763744584,1044.8264924132714,-373.64557672385126,-17290.056059138384,-2.3839239946173914,4
1.8666666666666667,1034.5378375471912,-334.6296457132343,-8823.003375908354,-2.9574506083590535,10.014770696455871,-0.4666514001551848,-12.454893519819974,-0.5653753802104896,1033.6514427008387,-635.5008455198258,-6535.24366021296,-2.3442742170215753,4
1.888,1022.6493921295332,-592.2427444138451,4006.498406437872,-2.9221825068905685,9.998095897062536,-0.8355020566619561,5.168277018471156,-0.46000828310829944,1019.5754232318303,-638.7425186475739,6150.58993734559,-2.3103625741580425,4
1.9093333333333333,1010.896163045758,-260.62818061755246,8296.269743226683,-2.8914990112722814,9.98141909916068,-0.37195411105327947,11.744080081799526,-0.5961742506421032,1008.1983348414453,-391.6842832984403,16273.228146115784,-2.2869023425292263,4
1.9306666666666668,1010.7936878094554,-75.44163911066387,4877.977666795502,-2.868159248615942,9.981272844763359,-0.10767704620055653,6.954248865390736,-0.7008671906314086,1004.0107974998564,15.196929421275854,20779.733374717165,-2.2772793369696984,4
1.952,1010.8016690572999,83.15885064044785,4971.338724877906,-2.8679119771713197,9.981284236268237,0.11869080265458005,7.085717953859315,-0.6888304406493498,1009.0181370714776,445.95617296919227,18458.818299697246,-2.282849250570306,4
1.9733333333333334,1010.9237321896674,246.32821758785514,8229.85338200883,-2.892534374966738,9.981458443780145,0.35153640836511807,11.659213202016524,-0.5576794890171642,1022.1852881961255,757.8059548577294,9876.899577679113,-2.302553727266521,4
1.9946666666666666,1034.418025684295,749.1430238036074,6554.718796537937,-2.9113334163971123,10.014603605428261,1.0448241412296149,8.385137700926363,-0.3744965892601416,1039.698743945091,839.6986608346924,-2533.383021131158,-2.3331750914786724,4
2.016,1046.5095397033942,621.4977456481801,-18101.95358442333,-2.9447520740284037,10.031369747540992,0.8567831267208769,-25.463778816549407,-0.41357048931499063,1056.0711205685823,652.0311170276254,-14594.254178908654,-2.370186699317688,4
2.037333333333333,1058.6783242947615,204.23979597932802,-7933.006767072805,-2.979475701783266,10.048048582734436,0.2783241462961236,-10.864257938512209,-0.559918643868008,1065.9973033981796,253.5180200142786,-21579.835468876874,-2.4085018513173813,4
2.058666666666667,1070.9057294893846,-4.525081790783867,-3666.3732487175726,-3.009775516582949,10.064615771674527,-0.006096066982752609,-4.939263973960213,-0.6623552098746953,1066.4163983042595,-210.2571163373068,-20471.52697297884,-2.4420868574240076,4
2.08,1058.7004651179568,-194.6495831633492,-7250.689279000789,-3.0437055110199416,10.048078754431618,-0.26524970715827517,-9.929309145625568,-0.5872708772004818,1057.8143946270757,-564.8948198994622,-11738.014340386726,-2.463590618077781,4
2.1013333333333333,1046.5616342383842,-545.039096267911,-6764.0315059086,-3.060109882040104,10.031441562134054,-0.7513415125794776,-9.715572285807573,-0.45314959633853347,1044.0226043416367,-682.6486318744719,956.9956418112852,-2.466655039776948,4
2.1226666666666665,1034.5191060286772,-423.1150069277137,10850.667377495043,-3.0518243089519133,10.014744574536943,-0.5900576593153715,14.890533848498839,-0.49893308382425205,1030.633152986445,-530.1523373154923,12833.287853766233,-2.449543825071979,4
2.144,1022.6568901832169,-66.72413380033358,4341.639597677673,-3.0257657520070147,9.998106474847349,-0.09412988644129383,6.1187493496847765,-0.6885780103378937,1022.9042943973935,-168.6125474954024,20060.438850923558,-2.416117821138775,4
2.1653333333333333,1022.6030287679433,0.9294733722243818,4897.24637795153,-2.986347165781007,9.998030488811532,0.0013113071123621273,6.909066026500458,-0.7049579948533957,1024.0491294003082,277.9661090290174,20627.11019438971,-2.373693100253917,4
2.1866666666666665,1034.4114342460844,268.8065156322487,9612.134679779683,-2.938662246341185,10.014594412369672,0.3749048146823062,13.308633027611549,-0.5513025153036865,1034.3188936540143,662.4340872270986,14357.45659658825,-2.3301819605619523,4
2.208,1046.445778959682,663.368110387008,16336.571731236038,-2.9030953944099953,10.031281845703848,0.9145604123805178,21.942848134963068,-0.40539757951387795,1050.923069615266,853.320855204016,2919.1697761463,-2.2923754897897224,4
2.2293333333333334,1058.6775046501982,826.499198863522,-15749.898253525424,-2.8748448953731605,10.048047465777966,1.1262979427272193,-22.34219991292617,-0.373905848005759,1068.7929075761513,775.3648215439171,-10105.889070766978,-2.2658478075542576,4
2.2506666666666666,1071.0242003996389,398.16049601503624,-13632.083487323369,-2.8559507941217253,10.064775363631764,0.5363316467213755,-18.562125217352463,-0.5157203068227798,1082.1871836122539,445.2610182594508,-19901.057789077982,-2.255614932888653,4
2.272,1083.4086353311477,48.21410278145246,-4848.875193065557,-2.8507054430546273,10.081361779660462,0.06420314986916412,-6.459745163516026,-0.665487099549305,1086.808089494385,-20.9102401426062,-22372.727070036024,-2.265387113692388,4
2.2933333333333334,1083.4079770646501,-67.77874944266688,-5149.863847277613,-2.869493734442472,10.081360903095453,-0.09025599568089208,-6.863342923119356,-0.6668317338391674,1081.5742112047594,-448.41445427108556,-16413.750098998193,-2.294773990875532,4
2.3146666666666667,1071.0248203399158,-417.9567692032802,-10500.028647865278,-2.91032231967287,10.064776198705802,-0.5629973711012353,-14.363483954443112,-0.5372554155198269,1069.097073281804,-678.9652747940272,-4585.589680815116,-2.3379264270321065,4
2.336,1058.710611007786,-655.6122293186367,8496.297069654025,-2.9562136844115336,10.048092580206978,-0.8933966488574272,11.024583827091009,-0.4471280475575125,1054.576880851437,-635.7916043102741,8417.874522519298,-2.3857750035548646,4
2.3573333333333335,1046.546448765647,-200.85838213900504,6558.229516647925,-3.001343576671743,10.03142062866541,-0.2768891836331793,8.987570210875083,-0.6361549195224984,1043.7587088819248,-343.7847455665469,18108.81965609989,-2.4288718657112063,4
2.3786666666666667,1046.4579457074105,-46.8602565535299,4778.121441165002,-3.030113662870095,10.031298619439214,-0.06460370435513374,6.584444974628846,-0.7249474393479465,1040.9446975762767,92.57308878283948,21637.522520471015,-2.458698155893755,4
2.4,1046.482196604193,93.90052058363112,5120.412159122032,-3.051194558430195,10.031332052453202,0.12945257532568888,7.047456315062724,-0.6911443461804121,1047.7052283183382,528.451175313443,18059.13309750706,-2.4686667368482618,4
2.421333333333333,1058.6106950224032,523.7359917430583,18827.959084518057,-3.052061994939405,10.047956419203626,0.7137574951543285,25.305981545122105,-0.45608998572723025,1062.445455583575,818.4770272793248,8272.340135660022,-2.4557219451482046,4
2.4426666666666668,1070.973352374084,852.9258614799513,7766.956949514092,-3.033905646584794,10.064706868507457,1.1489659456748678,9.547732893791492,-0.3694379670715536,1080.8196696069901,857.0929072443396,-4871.039343992248,-2.421930695743711,4
2.464,1083.4933265921698,603.7751685581181,-17869.58826829161,-2.9965563590918887,10.081474552332685,0.8039398306497978,-24.241741632839414,-0.4255434331341716,1097.0215700765757,619.0461088838056,-16820.614468285814,-2.375093308321085,4
2.485333333333333,1096.0743526236254,186.89910075354263,-8364.001898571201,-2.9447251522035516,10.098129952050865,0.24600375436056962,-11.050967402469489,-0.5771803166263704,1105.7990570785296,182.42622805852443,-22797.188518601935,-2.327008906632792,4
2.506666666666667,1108.6992784728213,-25.55148475044132,-4360.989228242706,-2.8934966005589784,10.114652389306084,-0.03324887194622209,-5.675503910914376,-0.7326617589196577,1104.5345106849454,-291.63700309954584,-20190.500853612553,-2.2885989906605873,4
2.528,1096.031932905008,-249.24439128683866,-7850.523527863622,-2.8697801485868797,10.098074116512144,-0.3280777105880867,-10.408166540426862,-0.5745241635211855,1094.3700576667068,-625.2313347449526,-10126.148365425877,-2.2653545529603387,4
2.5493333333333332,1083.4535690062887,-570.9031450509023,-3378.142515247093,-2.8556728620711573,10.081421613267024,-0.7601979076484713,-4.898805987015002,-0.46912773535921987,1079.723231676188,-700.112065538764,3230.5282987616956,-2.257761571782577,4
2.570666666666667,1070.993248590261,-399.7839958952043,10769.470312385252,-2.8542726564960743,10.064733670206792,-0.5385341028657068,14.306125755019963,-0.5461368695866211,1066.4825135889932,-499.2522612027824,14967.025391778909,-2.264663013045655,4
2.592,1058.7268290496972,-70.85197772830472,3317.864137692391,-2.8705436024184157,10.048114680211631,-0.0965478479444506,4.514691987271351,-0.702599283950061,1059.8484890579366,-99.71200829651207,21399.699803415686,-2.28460553868739,4
2.6133333333333333,1058.6834665188126,11.720987718961354,3016.700851591631,-2.8927668116767262,10.048055590191707,0.015972489786838004,4.110758581495985,-0.7218303932273531,1062.6823082546703,363.1318269511685,20768.723621938843,-2.3148624450410837,4
2.6346666666666665,1070.9308265696473,311.35106826871174,11041.94963820308,-2.920390903495934,10.06464958138156,0.41943385232971364,14.753123558314936,-0.5599803447799813,1074.7015577133002,736.6487731793895,13202.487733234651,-2.3504439337736915,4
2.656,1083.4018522690906,678.789276324856,17825.422265759687,-2.9594827356966307,10.081352747130808,0.9038990663634635,23.170618786426676,-0.4095870031104314,1092.540672537162,891.2956255571917,763.2791753867641,-2.384486315938574,4
2.6773333333333333,1096.0730180621813,791.9148674709892,-14961.062656132835,-2.9977486237439757,10.098128195448911,1.0423499468370474,-20.445447475807157,-0.38536164810347123,1110.6921315907616,762.7934596883133,-12538.367204353213,-2.4104355118918113,4
2.6986666666666665,1121.5382561704098,212.06141459266658,-7387.325814128581,-3.004987236056491,10.13126311689725,0.2727860146664967,-9.554293530935476,-0.6099212468752219,1123.2978362210563,386.30217069294304,-21662.851849544328,-2.424794038642162,4
2.72,1121.6416734477177,42.974243237963805,-5082.738570172908,-3.016395900069399,10.131396141975845,0.05527498582929244,-6.539715226042223,-0.7266430128775213,1126.3566064628405,-103.40679104905576,-22740.74913564627,-2.4272087639920166,4
2.7413333333333334,1121.616662370221,-123.44258597422686,-5524.797222817486,-3.0117612674124414,10.131363971488035,-0.1587797440911617,-7.123822251892915,-0.7110772225448297,1119.397358734902,-522.2776793604717,-15275.920065101236,-2.417673957372109,4
2.7626666666666666,1108.7756438894987,-547.2367073656685,-10834.276314972709,-3.000278975299229,10.11475175638967,-0.7120427728186429,-14.448561115154925,-0.5136252554988209,1105.6926537167462,-716.6266315560788,-2451.506568116136,-2.395806010419513,4
2.784,1096.0213295700662,-586.564061850719,10624.212521587082,-2.972224699779856,10.09806015938893,-0.7720954331497084,13.57146515631613,-0.5020693408341805,1090.8848955662902,-624.4140774253756,10743.236096591689,-2.363499215581201,4
2.8053333333333335,1083.4383806758742,-152.00411651386983,7027.432805232229,-2.93598703102573,10.081401388789313,-0.20240706716746226,9.329257603522034,-0.6461391946028101,1080.8086920066366,-287.60524606797844,19875.007549329428,-2.32612427006856,4
2.8266666666666667,1083.375505182147,-19.566944728561023,5831.524832233212,-2.893642035359501,10.081317662020151,-0.02605664793990085,7.765176586560579,-0.7231113470720524,1079.520555977435,175.57964476756752,22321.438925313414,-2.290377517364006,4
2.848,1083.4218073225136,115.84445845650004,5971.984656487086,-2.866099333172778,10.081379319719202,0.15425961024606674,7.9358588400729975,-0.667416084539831,1088.1090203817687,612.095288737677,17422.06521707261,-2.261637685065799,4
2.8693333333333335,1096.002184200637,511.854292047417,17458.362646582384,-2.8442103365658755,10.098034958081227,0.6737665849937369,22.6662165933701,-0.49406424987104186,1104.39165762183,875.1425354955718,6436.062019327655,-2.243062922250646,4
2.8906666666666667,1108.8069379887568,919.079585939518,10948.89349026353,-2.840570918916196,10.11479247446004,1.1958362771632203,13.25464797128375,-0.3824135379899659,1123.49407742332,866.4136431897059,-7342.939618965611,-2.236754360845467,4
2.912,1134.5893438219405,421.45476221899867,-13945.001152645727,-2.83024420601229,10.147954503909206,0.535903760002006,-17.930930966904583,-0.5062536179024755,1139.3346562344877,576.8456465331838,-19013.057207665406,-2.24578093363144,4
2.933333333333333,1147.7589465121314,66.02255645689446,-4410.955661704368,-2.8437914715611283,10.164603962226094,0.0829881701873247,-5.549199132124661,-0.6382799778775662,1146.7878452247267,104.67071098368615,-23818.039320443757,-2.273519731779224,4
2.9546666666666668,1147.8117304702782,-30.853533589489288,-4743.591266712072,-2.880712068822286,10.164670308390413,-0.038780087989883,-5.963305581859395,-0.6748753605387469,1143.7499952852145,-374.49475156795233,-19639.09179901192,-2.3185524835735114,4
2.976,1134.6882624089644,-332.8551849765317,-9812.848737316204,-2.936470255722308,10.14808027904985,-0.42320744878450506,-12.600654715167053,-0.5760580418010353,1132.052014651951,-681.5246625924483,-8284.215414886363,-2.371025161623628,4
2.997333333333333,1121.6537790786479,-660.9598023026848,-231.84361228566542,-2.987160089116874,10.131411712580858,-0.8501406109399569,-0.7991667451778076,-0.452706821065876,1116.6809230109852,-709.7713513374329,5619.168318816461,-2.416387482567876,4
3.018666666666667,1108.7545810265578,-330.3795617518157,9328.599250635267,-3.022050179674076,10.114724349964655,-0.4298849930424745,12.010140827916887,-0.5667877348443225,1103.7714437949076,-459.52331134770066,17082.300301665906,-2.442538045149892,4
3.04,1096.0665056050834,-45.43332610977428,4199.185991641127,-3.0376840032960013,10.098119623467559,-0.05980151198350643,5.524690147312142,-0.6505964307094788,1098.4069785179686,-23.680626495741308,22602.402778314747,-2.443539594967866,4
3.0613333333333332,1096.0632967853057,23.999435222573645,3894.7893240137264,-3.0251899306944514,10.098115399859655,0.03158929441510617,5.125830902571793,-0.6470122405012356,1103.0435993838873,451.53391363006085,20688.9134868728,-2.419389120642111,4
3.082666666666667,1108.756315965959,300.7974070069171,10471.17386969917,-2.988789331885083,10.114726607440344,0.39139251894413735,13.518733145815045,-0.540732867871942,1116.8275341748651,808.9522745730355,11798.58524167817,-2.374481721045768,4
3.104,1121.6900107275412,758.815773513574,22219.963938028868,-2.944908488691712,10.131458313748654,0.9759735247051857,27.918629369567057,-0.38730577535887706,1135.8068489685324,922.511047991924,-1582.0421632360667,-2.3166023713099078,4
3.1253333333333333,1147.7875079389205,656.3449604649875,-22516.24319042011,-2.8760685693988126,10.1646398625484,0.8249833815282207,-28.77322313300508,-0.4415008930305982,1154.0624557434194,740.8726931661367,-15012.384764832444,-2.257218639925266,4
3.1466666666666665,1161.1459899676706,164.42876695143886,-6976.072280308688,-2.821309776632997,10.1813336571768,0.2042986572833385,-8.696527006283159,-0.6410288145051217,1165.6844874413378,319.0461070900783,-23286.68503094092,-2.2108284605684307,4
3.168,1161.2337168084882,16.673610913559315,-6421.604200747009,-2.792511011917653,10.181442651479404,0.020714982204285488,-7.978378335401671,-0.7131641062575227,1167.0464927437752,-189.79581563919783,-22850.379472631495,-2.1896042280553822,4
3.1893333333333334,1161.1787948488325,-147.1249805589903,-6510.222322879817,-2.782812237356927,10.181374415850765,-0.18279396832334763,-8.111721520513507,-0.6885229212057541,1158.3403279383083,-594.2500759074464,-13874.156355841085,-2.196552438575833,4
3.2106666666666666,1147.8707270066168,-664.4763204929876,-11023.674252988758,-2.803927367911658,10.164744459769796,-0.8351434267021366,-14.33849023342704,-0.5186884685254074,1143.5028213628777,-747.6278644260019,-146.1717803031206,-2.2253378962743704,4
3.232,1134.6672352291966,-632.1230176679674,15077.529221355271,-2.83858536380566,10.148053543875033,-0.8037252813042864,18.72286669317843,-0.49842607525053007,1128.5786703603142,-604.1282466668636,13105.909086782485,-2.266530500165556,4
3.2533333333333334,1121.6512900199543,-135.81787960473136,6673.404445320223,-2.8816063902519877,10.131408511096867,-0.17469224447315918,8.56234130369632,-0.6909168873100415,1119.4328156082781,-223.13459351100028,21549.113558579003,-2.3120355407019217,4
3.2746666666666666,1121.596881426746,-4.274022089132758,6064.329736705003,-2.9213794811912766,10.131338527749845,-0.00549761734786389,7.800445138000514,-0.7509135489530373,1119.8180408059393,263.7555522508919,22810.5539437104,-2.3544778956809593,4
3.296,1121.6595439697683,124.49065896316583,6611.549980921755,-2.9631646828985225,10.131419127487858,0.16012172079195475,8.486101475891495,-0.6648292191738027,1130.295003749907,696.0463180039078,16534.024849557318,-2.3855484630516948,4
3.3173333333333335,1134.7094842260333,674.3028402424803,29266.093533471816,-2.989346085393107,10.148107261195479,0.8573237266441898,36.70010056490676,-0.4481573789081598,1148.0693323937312,926.8189138146117,4369.642350828275,-2.3970240721273632,4
3.3386666666666667,1161.1144212204995,815.0823444421699,-19979.31140245217,-2.9829285321010706,10.181294433259643,1.0127470943017065,-25.535403931576834,-0.42131633327202345,1167.7482332480267,866.9153750920668,-9928.49129250925,-2.3851356583397347,4
3.36,1174.6647242613512,427.96443040629396,-14850.346786578726,-2.960066826854762,10.198033322585609,0.5256156490204262,-18.430336775404307,-0.5434349743499889,1183.026567148897,525.2729864548892,-21139.19400240574,-2.355071035435529,4
3.3813333333333335,1188.2799618112508,48.888410934582915,-5053.054282964583,-2.9231048587436606,10.214659063505405,0.059355598241980514,-6.137373675087089,-0.6896470444693982,1188.9838796205952,20.76977942418307,-24614.342523774234,-2.3190385799523447,4
3.4026666666666667,1188.280764710009,-64.40788805686277,-5231.79857992926,-2.8900601262833416,10.21466003830739,-0.07819779925196725,-6.356179991803211,-0.7041603126336907,1184.0993382517004,-457.88547745440155,-18806.612519524526,-2.2874527089133174,4
3.424,1174.6884577016067,-420.42615246225085,-10510.344893130234,-2.8668351818892037,10.198062471133237,-0.516346884351009,-13.093095525402777,-0.5861784582514554,1170.9178582671186,-732.8070320570841,-6219.963066272438,-2.2629734747145807,4
3.445333333333333,1161.1850317438116,-629.3484421713613,3304.2976488480103,-2.844343821500468,10.18138216479807,-0.7819235106297316,3.681576468379141,-0.49691836931684485,1154.9711495403296,-710.9575269911438,8104.076905187219,-2.243450477905174,4
3.466666666666667,1147.840962210005,-320.015042426338,9477.150014136789,-2.8250074364793636,10.164707049563045,-0.40221958434855104,11.799475237169624,-0.6442309395549843,1142.5849966993424,-410.74986844323575,19156.350849172566,-2.227865668592035,4
3.488,1134.7302005567426,-25.86779087587028,3246.2677461120375,-2.818105687209308,10.148133600161684,-0.03288828797987444,4.126552399028838,-0.6972332466303219,1138.6641870157314,59.20774624310434,23645.997002691904,-2.2175235043409365,4
3.509333333333333,1147.745144611384,127.09470528445763,5801.450560851541,-2.8008450030290613,10.164586613588956,0.1597557627649255,7.2746287638131975,-0.7180162581635084,1145.2066983542945,542.4568518316373,20369.816528662574,-2.213447316028529,4
3.530666666666667,1147.904020414697,321.7608758967836,10687.469979644164,-2.8122502890248566,10.164786303800696,0.40439166668366483,13.318746385156459,-0.5767806690269629,1160.7519495678587,878.3623725855723,10140.008244678378,-2.2148150349968594,4
